/*
SQLyog Community
MySQL - 10.4.24-MariaDB : Database - oanda_db
*********************************************************************
*/

/*!40101 SET NAMES utf8 */;

/*!40101 SET SQL_MODE=''*/;

/*!40014 SET @OLD_UNIQUE_CHECKS=@@UNIQUE_CHECKS, UNIQUE_CHECKS=0 */;
/*!40101 SET @OLD_SQL_MODE=@@SQL_MODE, SQL_MODE='NO_AUTO_VALUE_ON_ZERO' */;
/*!40111 SET @OLD_SQL_NOTES=@@SQL_NOTES, SQL_NOTES=0 */;
/*Table structure for table `currency` */

DROP TABLE IF EXISTS `currency`;

CREATE TABLE `currency` (
  `id` smallint(6) NOT NULL AUTO_INCREMENT,
  `currency_name` text NOT NULL,
  PRIMARY KEY (`id`)
) ENGINE=InnoDB AUTO_INCREMENT=28 DEFAULT CHARSET=latin1;

/*Data for the table `currency` */

insert  into `currency`(`id`,`currency_name`) values 
(1,'AUD_JPY'),
(2,'AUD_USD'),
(3,'AUD_CHF'),
(4,'AUD_NZD'),
(5,'GBP_USD'),
(6,'EUR_USD'),
(7,'AUD_CAD'),
(8,'CAD_JPY'),
(9,'CAD_CHF'),
(10,'CHF_JPY'),
(11,'EUR_AUD'),
(12,'EUR_CAD'),
(13,'EUR_CHF'),
(14,'EUR_GBP'),
(15,'EUR_JPY'),
(16,'EUR_NZD'),
(17,'GBP_AUD'),
(18,'GBP_CAD'),
(19,'GBP_CHF'),
(20,'GBP_JPY'),
(21,'NZD_USD'),
(22,'NZD_JPY'),
(23,'NZD_CHF'),
(24,'NZD_CAD'),
(25,'USD_CAD'),
(26,'USD_CHF'),
(27,'USD_JPY');

/*Table structure for table `oanda_db` */

DROP TABLE IF EXISTS `oanda_db`;

CREATE TABLE `oanda_db` (
  `id` int(11) NOT NULL AUTO_INCREMENT,
  `datetime` datetime NOT NULL DEFAULT current_timestamp(),
  `account` text NOT NULL,
  `botname` text NOT NULL,
  `profit_loss` float NOT NULL,
  PRIMARY KEY (`id`)
) ENGINE=InnoDB AUTO_INCREMENT=101 DEFAULT CHARSET=utf8mb4;

/*Data for the table `oanda_db` */

insert  into `oanda_db`(`id`,`datetime`,`account`,`botname`,`profit_loss`) values 
(1,'2022-09-11 23:51:35','101-001-23144424-001','Primary',767.42),
(2,'2022-09-11 23:51:36','101-001-23144424-002','A1-2',474.1),
(3,'2022-09-11 23:51:36','101-001-23144424-003','A1-3',-487.66),
(4,'2022-09-11 23:51:37','101-001-23144424-004','A1-4',-467.21),
(5,'2022-09-11 23:51:37','101-001-23144424-005','A1-5',-487.85),
(6,'2022-09-11 23:51:38','101-001-23144424-006','A1-6',704.69),
(7,'2022-09-11 23:51:38','101-001-23144424-007','A1-7',721.02),
(8,'2022-09-11 23:51:39','101-001-23144424-008','A1-8',668.86),
(9,'2022-09-11 23:51:39','101-001-23144424-009','A1-9',662.21),
(10,'2022-09-11 23:51:40','101-001-23144424-010','A1-10',690.07),
(11,'2022-09-11 23:51:41','101-001-23144424-011','A1-11',805.54),
(12,'2022-09-11 23:51:41','101-001-23144424-012','A1-12',781.68),
(13,'2022-09-11 23:51:42','101-001-23144424-013','A1-13',773.96),
(14,'2022-09-11 23:51:42','101-001-23144424-014','A1-14',778.11),
(15,'2022-09-11 23:51:43','101-001-23144424-015','A1-15',730.29),
(16,'2022-09-11 23:51:43','101-001-23144424-016','A1-16',615.39),
(17,'2022-09-11 23:51:44','101-001-23144424-017','A1-17',611.18),
(18,'2022-09-11 23:51:44','101-001-23144424-018','A1-18',610.42),
(19,'2022-09-11 23:51:45','101-001-23144424-019','A1-19',623.07),
(20,'2022-09-11 23:51:46','101-001-23144424-020','A1-20',620.81),
(21,'2022-09-11 23:52:24','101-001-23148785-001','Primary',169.31),
(22,'2022-09-11 23:52:25','101-001-23148785-002','A2-2',150.35),
(23,'2022-09-11 23:52:26','101-001-23148785-003','A2-3',180.04),
(24,'2022-09-11 23:52:26','101-001-23148785-004','A2-4',179.19),
(25,'2022-09-11 23:52:27','101-001-23148785-005','A2-5',156.14),
(26,'2022-09-11 23:52:27','101-001-23148785-006','A2-6',44.76),
(27,'2022-09-11 23:52:28','101-001-23148785-007','A2-7',3.32),
(28,'2022-09-11 23:52:28','101-001-23148785-008','A2-8',31.3),
(29,'2022-09-11 23:52:29','101-001-23148785-009','A2-9',27.16),
(30,'2022-09-11 23:52:29','101-001-23148785-010','A2-10',36.15),
(31,'2022-09-11 23:52:30','101-001-23148785-011','A2-11',39.58),
(32,'2022-09-11 23:52:30','101-001-23148785-012','A2-12',35.35),
(33,'2022-09-11 23:52:31','101-001-23148785-013','A2-13',42.25),
(34,'2022-09-11 23:52:32','101-001-23148785-014','A2-14',33.92),
(35,'2022-09-11 23:52:32','101-001-23148785-015','A2-15',30.96),
(36,'2022-09-11 23:52:33','101-001-23148785-016','A2-16',24.91),
(37,'2022-09-11 23:52:33','101-001-23148785-017','A2-17',16.23),
(38,'2022-09-11 23:52:34','101-001-23148785-018','A2-18',1.7),
(39,'2022-09-11 23:52:34','101-001-23148785-019','A2-19',2.03),
(40,'2022-09-11 23:52:35','101-001-23148785-020','A2-20',4.76),
(41,'2022-09-11 23:53:10','101-001-23148939-001','Primary',26.85),
(42,'2022-09-11 23:53:10','101-001-23148939-002','A3-2',21.31),
(43,'2022-09-11 23:53:11','101-001-23148939-003','A3-3',28.8),
(44,'2022-09-11 23:53:12','101-001-23148939-004','A3-4',26.95),
(45,'2022-09-11 23:53:12','101-001-23148939-005','A3-5',23.82),
(46,'2022-09-11 23:53:13','101-001-23148939-006','A3-6',18.71),
(47,'2022-09-11 23:53:13','101-001-23148939-007','A3-7',25.36),
(48,'2022-09-11 23:53:14','101-001-23148939-008','A3-8',39.14),
(49,'2022-09-11 23:53:14','101-001-23148939-009','A3-9',30.32),
(50,'2022-09-11 23:53:15','101-001-23148939-010','A3-10',30.82),
(51,'2022-09-11 23:53:15','101-001-23148939-011','A3-11',14.34),
(52,'2022-09-11 23:53:16','101-001-23148939-012','A3-12',13.59),
(53,'2022-09-11 23:53:16','101-001-23148939-013','A3-13',22.72),
(54,'2022-09-11 23:53:17','101-001-23148939-014','A3-14',28.28),
(55,'2022-09-11 23:53:18','101-001-23148939-015','A3-15',25.87),
(56,'2022-09-11 23:53:18','101-001-23148939-016','A3-16',46.83),
(57,'2022-09-11 23:53:19','101-001-23148939-017','A3-17',34.19),
(58,'2022-09-11 23:53:19','101-001-23148939-018','A3-18',27.39),
(59,'2022-09-11 23:53:20','101-001-23148939-019','A3-19',34.96),
(60,'2022-09-11 23:53:20','101-001-23148939-020','A3-20',36.79),
(61,'2022-09-11 23:53:54','101-001-23149205-001','Primary',290.62),
(62,'2022-09-11 23:53:55','101-001-23149205-002','B1-2',287.15),
(63,'2022-09-11 23:53:55','101-001-23149205-003','B1-3',319.82),
(64,'2022-09-11 23:53:56','101-001-23149205-004','B1-4',296.63),
(65,'2022-09-11 23:53:56','101-001-23149205-005','B1-5',285.91),
(66,'2022-09-11 23:53:57','101-001-23149205-006','B1-6',276.16),
(67,'2022-09-11 23:53:57','101-001-23149205-007','B1-7',288.4),
(68,'2022-09-11 23:53:58','101-001-23149205-008','B1-8',288.94),
(69,'2022-09-11 23:53:58','101-001-23149205-009','B1-9',280.44),
(70,'2022-09-11 23:53:59','101-001-23149205-010','B1-10',277.08),
(71,'2022-09-11 23:54:00','101-001-23149205-011','B1-11',265.91),
(72,'2022-09-11 23:54:00','101-001-23149205-012','B1-12',294.35),
(73,'2022-09-11 23:54:01','101-001-23149205-013','B1-13',284.01),
(74,'2022-09-11 23:54:01','101-001-23149205-014','B1-14',271.74),
(75,'2022-09-11 23:54:02','101-001-23149205-015','B1-15',260.29),
(76,'2022-09-11 23:54:02','101-001-23149205-016','B1-16',228.93),
(77,'2022-09-11 23:54:03','101-001-23149205-017','B1-17',213.32),
(78,'2022-09-11 23:54:03','101-001-23149205-018','B1-18',232.65),
(79,'2022-09-11 23:54:04','101-001-23149205-019','B1-19',215.94),
(80,'2022-09-11 23:54:05','101-001-23149205-020','B1-20',212.65),
(81,'2022-09-11 23:54:43','101-001-23149317-001','Primary',87.26),
(82,'2022-09-11 23:54:44','101-001-23149317-002','B2-2',89.59),
(83,'2022-09-11 23:54:44','101-001-23149317-003','B2-3',112.94),
(84,'2022-09-11 23:54:45','101-001-23149317-004','B2-4',108.46),
(85,'2022-09-11 23:54:46','101-001-23149317-005','B2-5',103.38),
(86,'2022-09-11 23:54:46','101-001-23149317-006','B2-6',207.88),
(87,'2022-09-11 23:54:47','101-001-23149317-007','B2-7',200.14),
(88,'2022-09-11 23:54:47','101-001-23149317-008','B2-8',219.81),
(89,'2022-09-11 23:54:48','101-001-23149317-009','B2-9',217.59),
(90,'2022-09-11 23:54:48','101-001-23149317-010','B2-10',222.24),
(91,'2022-09-11 23:54:49','101-001-23149317-011','B2-11',11.45),
(92,'2022-09-11 23:54:49','101-001-23149317-012','B2-12',10.18),
(93,'2022-09-11 23:54:50','101-001-23149317-013','B2-13',12.75),
(94,'2022-09-11 23:54:50','101-001-23149317-014','B2-14',25.55),
(95,'2022-09-11 23:54:51','101-001-23149317-015','B2-15',21.54),
(96,'2022-09-11 23:54:52','101-001-23149317-016','B2-16',67.5),
(97,'2022-09-11 23:54:52','101-001-23149317-017','B2-17',48.89),
(98,'2022-09-11 23:54:53','101-001-23149317-018','B2-18',52.67),
(99,'2022-09-11 23:54:53','101-001-23149317-019','B2-19',57.1),
(100,'2022-09-11 23:54:54','101-001-23149317-020','B2-20',53.09);

/*Table structure for table `order_history` */

DROP TABLE IF EXISTS `order_history`;

CREATE TABLE `order_history` (
  `id` int(11) NOT NULL AUTO_INCREMENT,
  `accountid` bigint(20) NOT NULL,
  `tradeid` int(11) NOT NULL,
  `datetime` datetime NOT NULL,
  `type` tinyint(4) NOT NULL,
  `currency` smallint(6) NOT NULL,
  `units` int(11) NOT NULL,
  `price` decimal(10,5) NOT NULL,
  `pl` decimal(10,2) NOT NULL,
  `halfspreadcost` decimal(10,5) NOT NULL,
  `bid` decimal(10,5) NOT NULL,
  `ask` decimal(10,5) NOT NULL,
  `parent_tradeid` int(11) NOT NULL,
  `mt4_tradeid` int(11) NOT NULL,
  `comment` text NOT NULL,
  PRIMARY KEY (`id`),
  UNIQUE KEY `unique_orders` (`accountid`,`tradeid`)
) ENGINE=InnoDB AUTO_INCREMENT=589 DEFAULT CHARSET=utf8mb4;

/*Data for the table `order_history` */

insert  into `order_history`(`id`,`accountid`,`tradeid`,`datetime`,`type`,`currency`,`units`,`price`,`pl`,`halfspreadcost`,`bid`,`ask`,`parent_tradeid`,`mt4_tradeid`,`comment`) values 
(1,1,19761,'2022-09-12 23:02:20',3,21,1370,0.61280,2.75,0.18500,0.61253,0.61280,19760,0,''),
(2,1,19760,'2022-09-12 02:27:31',1,21,-1370,0.61481,0.00,0.19860,0.61481,0.61510,19760,0,'A1a-1,tp=20,sl=0,TSL=0'),
(3,1,19637,'2022-09-12 23:02:20',3,21,1287,0.61279,2.57,0.16090,0.61254,0.61279,19636,0,''),
(4,1,19636,'2022-09-12 02:23:16',1,21,-1287,0.61479,0.00,0.16730,0.61479,0.61505,19636,0,'A1a-1,tp=20,sl=0,TSL=0'),
(5,1,19813,'2022-09-12 23:02:20',3,21,1154,0.61274,2.31,0.15000,0.61248,0.61274,19812,0,''),
(6,1,19812,'2022-09-12 02:33:04',1,21,-1154,0.61474,0.00,0.15580,0.61474,0.61501,19812,0,'A1a-1,tp=20,sl=0,TSL=0'),
(7,1,19729,'2022-09-12 23:02:24',3,21,1019,0.61272,2.04,0.11720,0.61249,0.61272,19728,0,''),
(8,1,19728,'2022-09-12 02:26:27',1,21,-1019,0.61472,0.00,0.13250,0.61472,0.61498,19728,0,'A1a-1,tp=20,sl=0,TSL=0'),
(9,1,19597,'2022-09-13 00:05:06',3,21,1155,0.61256,2.33,0.14440,0.61231,0.61256,19596,0,''),
(10,1,19596,'2022-09-12 02:21:19',1,21,-1155,0.61458,0.00,0.14440,0.61458,0.61483,19596,0,'A1a-1,tp=20,sl=0,TSL=0'),
(11,1,20144,'2022-09-13 02:06:55',3,1,-1436,98.05700,2.01,0.11600,98.05700,98.08000,20143,0,''),
(12,1,20143,'2022-09-12 21:27:03',1,1,1436,97.85700,0.00,0.13100,97.83100,97.85700,20143,0,'A1a-1,tp=20,sl=0,TSL=0'),
(13,1,20136,'2022-09-13 02:08:30',3,1,-1147,98.06000,1.61,0.08460,98.06000,98.08100,20135,0,''),
(14,1,20135,'2022-09-12 21:26:10',1,1,1147,97.85900,0.00,0.09660,97.83500,97.85900,20135,0,'A1a-1,tp=20,sl=0,TSL=0'),
(15,1,20124,'2022-09-13 02:08:30',3,1,-1222,98.06400,1.72,0.09010,98.06400,98.08500,20123,0,''),
(16,1,20123,'2022-09-12 21:25:03',1,1,1222,97.86300,0.00,0.10720,97.83800,97.86300,20123,0,'A1a-1,tp=20,sl=0,TSL=0'),
(17,1,20156,'2022-09-13 02:08:34',3,1,-1272,98.07600,1.81,0.08930,98.07600,98.09600,20155,0,''),
(18,1,20155,'2022-09-12 21:28:02',1,1,1272,97.87200,0.00,0.11600,97.84600,97.87200,20155,0,'A1a-1,tp=20,sl=0,TSL=0'),
(19,1,20176,'2022-09-13 03:20:27',3,3,-1068,0.65578,2.26,0.07290,0.65578,0.65591,20175,0,''),
(20,1,20175,'2022-09-12 21:37:02',1,3,1068,0.65376,0.00,0.08410,0.65361,0.65376,20175,0,'A1a-1,tp=20,sl=0,TSL=0'),
(21,1,20190,'2022-09-13 03:20:28',3,3,-1233,0.65583,2.60,0.09720,0.65583,0.65598,20189,0,''),
(22,1,20189,'2022-09-12 21:38:09',1,3,1233,0.65381,0.00,0.09060,0.65367,0.65381,20189,0,'A1a-1,tp=20,sl=0,TSL=0'),
(23,1,20172,'2022-09-13 03:20:28',3,3,-1489,0.65583,3.13,0.11730,0.65583,0.65598,20171,0,''),
(24,1,20171,'2022-09-12 21:36:03',1,3,1489,0.65382,0.00,0.10160,0.65369,0.65382,20171,0,'A1a-1,tp=20,sl=0,TSL=0'),
(25,1,20168,'2022-09-13 03:20:28',3,3,-1111,0.65583,2.32,0.08750,0.65583,0.65598,20167,0,''),
(26,1,20167,'2022-09-12 21:35:03',1,3,1111,0.65383,0.00,0.08170,0.65369,0.65383,20167,0,'A1a-1,tp=20,sl=0,TSL=0'),
(27,1,20164,'2022-09-13 03:20:28',3,3,-1513,0.65584,3.16,0.10330,0.65584,0.65597,20163,0,''),
(28,1,20163,'2022-09-12 21:34:02',1,3,1513,0.65384,0.00,0.11910,0.65369,0.65384,20163,0,'A1a-1,tp=20,sl=0,TSL=0'),
(29,1,20128,'2022-09-13 03:21:06',3,3,-1100,0.65590,2.30,0.08090,0.65590,0.65604,20127,0,''),
(30,1,20127,'2022-09-12 21:25:10',1,3,1100,0.65390,0.00,0.08090,0.65376,0.65390,20127,0,'A1a-1,tp=20,sl=0,TSL=0'),
(31,1,20112,'2022-09-13 03:21:12',3,3,-1189,0.65601,2.50,0.09370,0.65601,0.65616,20111,0,''),
(32,1,20111,'2022-09-12 21:23:02',1,3,1189,0.65400,0.00,0.09990,0.65384,0.65400,20111,0,'A1a-1,tp=20,sl=0,TSL=0'),
(33,1,20116,'2022-09-13 03:21:12',3,3,-1448,0.65601,3.04,0.11410,0.65601,0.65616,20115,0,''),
(34,1,20115,'2022-09-12 21:24:02',1,3,1448,0.65400,0.00,0.11400,0.65385,0.65400,20115,0,'A1a-1,tp=20,sl=0,TSL=0'),
(35,1,20160,'2022-09-13 03:21:13',3,1,-1368,98.07900,1.93,0.10570,98.07900,98.10100,20159,0,''),
(36,1,20159,'2022-09-12 21:29:02',1,1,1368,97.87700,0.00,0.12480,97.85100,97.87700,20159,0,'A1a-1,tp=20,sl=0,TSL=0'),
(37,1,20120,'2022-09-13 03:21:13',3,1,-1439,98.07900,2.07,0.11120,98.07900,98.10100,20119,0,''),
(38,1,20119,'2022-09-12 21:24:09',1,1,1439,97.87300,0.00,0.10600,97.85200,97.87300,20119,0,'A1a-1,tp=20,sl=0,TSL=0'),
(39,1,20199,'2022-09-13 03:21:13',3,3,-1106,0.65603,2.31,0.08130,0.65603,0.65617,20198,0,''),
(40,1,20198,'2022-09-12 21:39:09',1,3,1106,0.65403,0.00,0.09290,0.65387,0.65403,20198,0,'A1a-1,tp=20,sl=0,TSL=0'),
(41,1,20132,'2022-09-13 03:21:29',3,3,-1160,0.65605,2.44,0.07920,0.65605,0.65618,20131,0,''),
(42,1,20131,'2022-09-12 21:26:03',1,3,1160,0.65404,0.00,0.09130,0.65389,0.65404,20131,0,'A1a-1,tp=20,sl=0,TSL=0'),
(43,1,20084,'2022-09-13 03:22:14',3,1,-1275,98.10400,1.78,0.09400,98.10400,98.12500,20083,0,''),
(44,1,20083,'2022-09-12 21:15:03',1,1,1275,97.90400,0.00,0.10290,97.88100,97.90400,20083,0,'A1a-1,tp=20,sl=0,TSL=0'),
(45,1,20148,'2022-09-13 03:26:00',3,3,-1110,0.65609,2.33,0.07580,0.65609,0.65622,20147,0,''),
(46,1,20147,'2022-09-12 21:27:10',1,3,1110,0.65408,0.00,0.08740,0.65393,0.65408,20147,0,'A1a-1,tp=20,sl=0,TSL=0'),
(47,1,20080,'2022-09-13 03:27:28',3,3,-1202,0.65631,2.51,0.09460,0.65631,0.65646,20079,0,''),
(48,1,20079,'2022-09-12 21:14:14',1,3,1202,0.65431,0.00,0.08840,0.65417,0.65431,20079,0,'A1a-1,tp=20,sl=0,TSL=0'),
(49,1,20088,'2022-09-13 03:27:28',3,3,-1399,0.65631,2.92,0.11010,0.65631,0.65646,20087,0,''),
(50,1,20087,'2022-09-12 21:15:10',1,3,1399,0.65431,0.00,0.11020,0.65416,0.65431,20087,0,'A1a-1,tp=20,sl=0,TSL=0'),
(51,1,20076,'2022-09-13 03:28:18',3,1,-1084,98.11200,1.51,0.07610,98.11200,98.13200,20075,0,''),
(52,1,20075,'2022-09-12 21:14:02',1,1,1084,97.91200,0.00,0.10270,97.88500,97.91200,20075,0,'A1a-1,tp=20,sl=0,TSL=0'),
(53,1,20096,'2022-09-13 03:29:10',3,1,-1390,98.12200,1.94,0.10250,98.12200,98.14300,20095,0,''),
(54,1,20095,'2022-09-12 21:16:03',1,1,1390,97.92200,0.00,0.11710,97.89800,97.92200,20095,0,'A1a-1,tp=20,sl=0,TSL=0'),
(55,1,20055,'2022-09-13 03:29:11',3,1,-794,98.12300,1.12,0.05580,98.12300,98.14300,20053,0,''),
(56,1,20053,'2022-09-12 21:12:08',1,1,1116,97.92100,-2.64,0.10570,97.89400,97.92100,20053,0,'A1a-1,tp=20,sl=0,TSL=0'),
(57,1,20104,'2022-09-13 03:29:25',3,1,-1515,98.12900,2.16,0.11170,98.12900,98.15000,20103,0,''),
(58,1,20103,'2022-09-12 21:17:02',1,1,1515,97.92500,0.00,0.12230,97.90200,97.92500,20103,0,'A1a-1,tp=20,sl=0,TSL=0'),
(59,1,20068,'2022-09-13 03:29:25',3,1,-1188,98.12900,1.67,0.08760,98.12900,98.15000,20067,0,''),
(60,1,20067,'2022-09-12 21:13:11',1,1,1188,97.92800,0.00,0.09590,97.90500,97.92800,20067,0,'A1a-1,tp=20,sl=0,TSL=0'),
(61,1,20059,'2022-09-13 03:29:44',3,3,-1359,0.65643,2.85,0.09270,0.65643,0.65656,20058,0,''),
(62,1,20058,'2022-09-12 21:12:14',1,3,1359,0.65442,0.00,0.09990,0.65428,0.65442,20058,0,'A1a-1,tp=20,sl=0,TSL=0'),
(63,1,20072,'2022-09-13 03:29:44',3,3,-1238,0.65643,2.60,0.08450,0.65643,0.65656,20071,0,''),
(64,1,20071,'2022-09-12 21:13:18',1,3,1238,0.65442,0.00,0.09100,0.65428,0.65442,20071,0,'A1a-1,tp=20,sl=0,TSL=0'),
(65,1,20100,'2022-09-13 03:29:44',3,3,-1209,0.65643,2.53,0.08250,0.65643,0.65656,20099,0,''),
(66,1,20099,'2022-09-12 21:16:22',1,3,1209,0.65443,0.00,0.09520,0.65428,0.65443,20099,0,'A1a-1,tp=20,sl=0,TSL=0'),
(67,1,20108,'2022-09-13 04:06:13',3,3,-1424,0.65651,3.01,0.11980,0.65651,0.65667,20107,0,''),
(68,1,20107,'2022-09-12 21:17:12',1,3,1424,0.65449,0.00,0.10470,0.65435,0.65449,20107,0,'A1a-1,tp=20,sl=0,TSL=0'),
(69,1,20036,'2022-09-13 06:28:05',3,13,-1090,0.96626,2.31,0.12060,0.96626,0.96647,20035,0,''),
(70,1,20035,'2022-09-12 09:45:02',1,13,1090,0.96424,0.00,0.13730,0.96400,0.96424,20035,0,'A1a-1,tp=20,sl=0,TSL=0'),
(71,1,20140,'2022-09-13 06:43:00',3,13,-1068,0.96645,2.24,0.11250,0.96645,0.96665,20139,0,''),
(72,1,20139,'2022-09-12 21:26:16',1,13,1068,0.96445,0.00,0.13460,0.96421,0.96445,20139,0,'A1a-1,tp=20,sl=0,TSL=0'),
(73,1,20152,'2022-09-13 06:43:21',3,13,-1211,0.96658,2.54,0.14030,0.96658,0.96680,20151,0,''),
(74,1,20151,'2022-09-12 21:27:18',1,13,1211,0.96458,0.00,0.16530,0.96432,0.96458,20151,0,'A1a-1,tp=20,sl=0,TSL=0'),
(75,1,20406,'2022-09-13 07:16:30',3,25,-1239,1.29757,1.89,0.09550,1.29757,1.29777,20405,0,''),
(76,1,20405,'2022-09-13 06:03:02',1,25,1239,1.29558,0.00,0.08130,1.29541,1.29558,20405,0,'A1a-1,tp=20,sl=0,TSL=0'),
(77,1,20410,'2022-09-13 07:16:30',3,25,-1084,1.29758,1.66,0.07940,1.29758,1.29777,20409,0,''),
(78,1,20409,'2022-09-13 06:04:02',1,25,1084,1.29558,0.00,0.06690,1.29542,1.29558,20409,0,'A1a-1,tp=20,sl=0,TSL=0'),
(79,1,20370,'2022-09-13 07:24:56',3,26,-1097,0.95072,2.30,0.10380,0.95072,0.95090,20369,0,''),
(80,1,20369,'2022-09-13 05:57:13',1,26,1097,0.94872,0.00,0.09830,0.94855,0.94872,20369,0,'A1a-1,tp=20,sl=0,TSL=0'),
(81,1,20354,'2022-09-13 07:25:21',3,26,-1456,0.95086,3.05,0.11480,0.95086,0.95101,20353,0,''),
(82,1,20353,'2022-09-13 05:56:11',1,26,1456,0.94886,0.00,0.12280,0.94870,0.94886,20353,0,'A1a-1,tp=20,sl=0,TSL=0'),
(83,1,19111,'2022-09-13 07:29:33',3,15,1310,144.12800,1.89,0.61010,143.99600,144.12800,19110,0,''),
(84,1,19110,'2022-09-11 23:46:02',1,15,-1310,144.33300,0.00,0.08690,144.33300,144.35200,19110,0,'A1a-1,tp=20,sl=0,TSL=0'),
(85,1,20394,'2022-09-13 07:30:01',3,25,-1171,1.29901,3.03,0.45060,1.29901,1.30001,20393,0,''),
(86,1,20393,'2022-09-13 06:00:03',1,25,1171,1.29563,0.00,0.06330,1.29549,1.29563,20393,0,'A1a-1,tp=20,sl=0,TSL=0'),
(87,1,20402,'2022-09-13 07:30:01',3,25,-1295,1.29901,3.34,0.49830,1.29901,1.30001,20401,0,''),
(88,1,20401,'2022-09-13 06:01:04',1,25,1295,1.29564,0.00,0.07500,1.29549,1.29564,20401,0,'A1a-1,tp=20,sl=0,TSL=0'),
(89,1,20386,'2022-09-13 07:30:01',3,25,-1229,1.29901,3.11,0.47290,1.29901,1.30001,20385,0,''),
(90,1,20385,'2022-09-13 05:59:02',1,25,1229,1.29571,0.00,0.07590,1.29555,1.29571,20385,0,'A1a-1,tp=20,sl=0,TSL=0'),
(91,1,20332,'2022-09-13 07:30:01',3,25,-1428,1.29901,3.60,0.54940,1.29901,1.30001,20331,0,''),
(92,1,20331,'2022-09-13 05:54:02',1,25,1428,1.29572,0.00,0.09370,1.29555,1.29572,20331,0,'A1a-1,tp=20,sl=0,TSL=0'),
(93,1,20414,'2022-09-13 07:30:01',3,25,-1023,1.29901,2.58,0.39360,1.29901,1.30001,20413,0,''),
(94,1,20413,'2022-09-13 06:05:03',1,25,1023,1.29572,0.00,0.06710,1.29555,1.29572,20413,0,'A1a-1,tp=20,sl=0,TSL=0'),
(95,1,20340,'2022-09-13 07:30:01',3,25,-1056,1.29901,2.65,0.40630,1.29901,1.30001,20339,0,''),
(96,1,20339,'2022-09-13 05:55:03',1,25,1056,1.29573,0.00,0.06930,1.29556,1.29573,20339,0,'A1a-1,tp=20,sl=0,TSL=0'),
(97,1,20350,'2022-09-13 07:30:01',3,25,-1204,1.29901,2.98,0.46330,1.29901,1.30001,20349,0,''),
(98,1,20349,'2022-09-13 05:56:02',1,25,1204,1.29578,0.00,0.07900,1.29561,1.29578,20349,0,'A1a-1,tp=20,sl=0,TSL=0'),
(99,1,20366,'2022-09-13 07:30:01',3,25,-1409,1.29901,3.46,0.54210,1.29901,1.30001,20365,0,''),
(100,1,20365,'2022-09-13 05:57:03',1,25,1409,1.29580,0.00,0.09240,1.29563,1.29580,20365,0,'A1a-1,tp=20,sl=0,TSL=0'),
(101,1,20324,'2022-09-13 07:30:01',3,25,-1106,1.29901,2.65,0.42550,1.29901,1.30001,20323,0,''),
(102,1,20323,'2022-09-13 05:52:02',1,25,1106,1.29588,0.00,0.07260,1.29571,1.29588,20323,0,'A1a-1,tp=20,sl=0,TSL=0'),
(103,1,20328,'2022-09-13 07:30:01',3,25,-1130,1.29901,2.71,0.43480,1.29901,1.30001,20327,0,''),
(104,1,20327,'2022-09-13 05:53:02',1,25,1130,1.29588,0.00,0.07410,1.29571,1.29588,20327,0,'A1a-1,tp=20,sl=0,TSL=0'),
(105,1,20320,'2022-09-13 07:30:01',3,25,-1346,1.29901,3.22,0.51790,1.29901,1.30001,20319,0,''),
(106,1,20319,'2022-09-13 05:51:02',1,25,1346,1.29589,0.00,0.08310,1.29573,1.29589,20319,0,'A1a-1,tp=20,sl=0,TSL=0'),
(107,1,20308,'2022-09-13 07:30:01',3,25,-1483,1.29901,3.27,0.57060,1.29901,1.30001,20307,0,''),
(108,1,20307,'2022-09-13 05:48:02',1,25,1483,1.29613,0.00,0.09150,1.29597,1.29613,20307,0,'A1a-1,tp=20,sl=0,TSL=0'),
(109,1,20316,'2022-09-13 07:30:01',3,25,-1019,1.29901,2.24,0.39210,1.29901,1.30001,20315,0,''),
(110,1,20315,'2022-09-13 05:50:03',1,25,1019,1.29614,0.00,0.06680,1.29597,1.29614,20315,0,'A1a-1,tp=20,sl=0,TSL=0'),
(111,1,20312,'2022-09-13 07:30:01',3,25,-1284,1.29901,2.80,0.49400,1.29901,1.30001,20311,0,''),
(112,1,20311,'2022-09-13 05:49:02',1,25,1284,1.29616,0.00,0.08420,1.29599,1.29616,20311,0,'A1a-1,tp=20,sl=0,TSL=0'),
(113,1,20438,'2022-09-13 07:30:01',3,27,-1452,142.49500,5.85,0.50930,142.49500,142.59500,20437,0,''),
(114,1,20437,'2022-09-13 06:27:02',1,27,1452,141.91800,0.00,0.09720,141.89900,141.91800,20437,0,'A1a-1,tp=20,sl=0,TSL=0'),
(115,1,20442,'2022-09-13 07:30:01',3,27,-1010,142.49500,4.00,0.35430,142.49500,142.59500,20441,0,''),
(116,1,20441,'2022-09-13 06:28:02',1,27,1010,141.92800,0.00,0.06760,141.90900,141.92800,20441,0,'A1a-1,tp=20,sl=0,TSL=0'),
(117,1,20434,'2022-09-13 07:30:01',3,27,-1156,142.49500,4.57,0.40550,142.49500,142.59500,20433,0,''),
(118,1,20433,'2022-09-13 06:26:02',1,27,1156,141.92900,0.00,0.07330,141.91100,141.92900,20433,0,'A1a-1,tp=20,sl=0,TSL=0'),
(119,1,20430,'2022-09-13 07:30:01',3,27,-1120,142.49500,4.33,0.39290,142.49500,142.59500,20429,0,''),
(120,1,20429,'2022-09-13 06:25:03',1,27,1120,141.94100,0.00,0.07100,141.92300,141.94100,20429,0,'A1a-1,tp=20,sl=0,TSL=0'),
(121,1,20447,'2022-09-13 07:30:01',3,27,-1489,142.49500,5.69,0.52230,142.49500,142.59500,20446,0,''),
(122,1,20446,'2022-09-13 06:29:02',1,27,1489,141.94800,0.00,0.08920,141.93100,141.94800,20446,0,'A1a-1,tp=20,sl=0,TSL=0'),
(123,1,20426,'2022-09-13 07:30:01',3,27,-1325,142.49500,5.00,0.46480,142.49500,142.59500,20425,0,''),
(124,1,20425,'2022-09-13 06:24:02',1,27,1325,141.95400,0.00,0.08870,141.93500,141.95400,20425,0,'A1a-1,tp=20,sl=0,TSL=0'),
(125,1,20451,'2022-09-13 07:30:01',3,27,-1428,142.49500,5.33,0.50090,142.49500,142.59500,20450,0,''),
(126,1,20450,'2022-09-13 06:30:02',1,27,1428,141.96000,0.00,0.08050,141.94400,141.96000,20450,0,'A1a-1,tp=20,sl=0,TSL=0'),
(127,1,20092,'2022-09-13 07:30:01',3,22,-1086,87.64400,1.92,0.54040,87.64400,87.78600,20091,0,''),
(128,1,20091,'2022-09-12 21:15:16',1,22,1086,87.39000,0.00,0.11430,87.36000,87.39000,20091,0,'A1a-1,tp=20,sl=0,TSL=0'),
(129,1,20064,'2022-09-13 07:30:01',3,22,-1332,87.64400,2.29,0.66290,87.64400,87.78600,20062,0,''),
(130,1,20062,'2022-09-12 21:13:02',1,22,1390,87.39700,-0.34,0.14630,87.36700,87.39700,20062,0,'A1a-1,tp=20,sl=0,TSL=0'),
(131,1,20336,'2022-09-13 07:30:01',3,21,1159,0.61196,4.35,0.99670,0.61024,0.61196,20335,0,''),
(132,1,20335,'2022-09-13 05:54:09',1,21,-1159,0.61571,0.00,0.14490,0.61571,0.61596,20335,0,'A1a-1,tp=20,sl=0,TSL=0'),
(133,1,20374,'2022-09-13 07:30:01',3,21,1082,0.61196,3.91,0.93050,0.61024,0.61196,20373,0,''),
(134,1,20373,'2022-09-13 05:57:19',1,21,-1082,0.61557,0.00,0.13520,0.61557,0.61582,20373,0,'A1a-1,tp=20,sl=0,TSL=0'),
(135,1,20362,'2022-09-13 07:30:01',3,21,1337,0.61196,4.69,1.14980,0.61024,0.61196,20361,0,''),
(136,1,20361,'2022-09-13 05:56:26',1,21,-1337,0.61547,0.00,0.17380,0.61547,0.61573,20361,0,'A1a-1,tp=20,sl=0,TSL=0'),
(137,1,19617,'2022-09-13 07:30:01',3,21,1011,0.61196,2.61,0.86950,0.61024,0.61196,19616,0,''),
(138,1,19616,'2022-09-12 02:22:18',1,21,-1011,0.61454,0.00,0.13140,0.61454,0.61480,19616,0,'A1a-1,tp=20,sl=0,TSL=0'),
(139,1,19469,'2022-09-13 07:30:01',3,21,1463,0.61196,3.63,1.25820,0.61024,0.61196,19468,0,''),
(140,1,19468,'2022-09-12 02:12:39',1,21,-1463,0.61444,0.00,0.19750,0.61444,0.61471,19468,0,'A1a-1,tp=20,sl=0,TSL=0'),
(141,1,19573,'2022-09-13 07:30:01',3,21,1041,0.61196,2.58,0.89530,0.61024,0.61196,19572,0,''),
(142,1,19572,'2022-09-12 02:20:06',1,21,-1041,0.61444,0.00,0.13530,0.61444,0.61470,19572,0,'A1a-1,tp=20,sl=0,TSL=0'),
(143,1,19565,'2022-09-13 07:30:01',3,21,1368,0.61196,3.31,1.17650,0.61024,0.61196,19564,0,''),
(144,1,19564,'2022-09-12 02:19:06',1,21,-1368,0.61438,0.00,0.18470,0.61438,0.61465,19564,0,'A1a-1,tp=20,sl=0,TSL=0'),
(145,1,19439,'2022-09-13 07:30:01',3,21,1435,0.61196,3.26,1.23410,0.61024,0.61196,19438,0,''),
(146,1,19438,'2022-09-12 02:11:21',1,21,-1435,0.61423,0.00,0.18660,0.61423,0.61449,19438,0,'A1a-1,tp=20,sl=0,TSL=0'),
(147,1,19537,'2022-09-13 07:30:01',3,21,1139,0.61196,2.60,0.97950,0.61024,0.61196,19536,0,''),
(148,1,19536,'2022-09-12 02:14:35',1,21,-1139,0.61424,0.00,0.13670,0.61424,0.61448,19536,0,'A1a-1,tp=20,sl=0,TSL=0'),
(149,1,19501,'2022-09-13 07:30:01',3,21,1338,0.61196,2.89,1.15070,0.61024,0.61196,19500,0,''),
(150,1,19500,'2022-09-12 02:13:39',1,21,-1338,0.61412,0.00,0.17390,0.61412,0.61438,19500,0,'A1a-1,tp=20,sl=0,TSL=0'),
(151,1,19403,'2022-09-13 07:30:01',3,21,1014,0.61196,2.11,0.87200,0.61024,0.61196,19402,0,''),
(152,1,19402,'2022-09-12 02:09:07',1,21,-1014,0.61404,0.00,0.14200,0.61404,0.61432,19402,0,'A1a-1,tp=20,sl=0,TSL=0'),
(153,1,20378,'2022-09-13 07:30:01',3,2,1142,0.68834,3.38,0.85650,0.68684,0.68834,20377,0,''),
(154,1,20377,'2022-09-13 05:57:24',1,2,-1142,0.69130,0.00,0.06850,0.69130,0.69142,20377,0,'A1a-1,tp=20,sl=0,TSL=0'),
(155,1,20346,'2022-09-13 07:30:01',3,2,1032,0.68834,3.04,0.77400,0.68684,0.68834,20345,0,''),
(156,1,20345,'2022-09-13 05:55:15',1,2,-1032,0.69129,0.00,0.06710,0.69129,0.69142,20345,0,'A1a-1,tp=20,sl=0,TSL=0'),
(157,1,20398,'2022-09-13 07:30:01',3,2,1112,0.68834,3.25,0.83400,0.68684,0.68834,20397,0,''),
(158,1,20397,'2022-09-13 06:00:10',1,2,-1112,0.69126,0.00,0.07230,0.69126,0.69139,20397,0,'A1a-1,tp=20,sl=0,TSL=0'),
(159,1,20390,'2022-09-13 07:30:01',3,2,1426,0.68834,4.11,1.06950,0.68684,0.68834,20389,0,''),
(160,1,20389,'2022-09-13 05:59:07',1,2,-1426,0.69122,0.00,0.09270,0.69122,0.69135,20389,0,'A1a-1,tp=20,sl=0,TSL=0'),
(161,1,20358,'2022-09-13 07:30:01',3,2,1009,0.68834,2.87,0.75680,0.68684,0.68834,20357,0,''),
(162,1,20357,'2022-09-13 05:56:18',1,2,-1009,0.69118,0.00,0.06560,0.69118,0.69131,20357,0,'A1a-1,tp=20,sl=0,TSL=0'),
(163,1,20276,'2022-09-13 07:30:01',3,2,1341,0.68834,3.07,1.00580,0.68684,0.68834,20275,0,''),
(164,1,20275,'2022-09-13 04:12:06',1,2,-1341,0.69063,0.00,0.08720,0.69063,0.69076,20275,0,'A1a-1,tp=20,sl=0,TSL=0'),
(165,1,20268,'2022-09-13 07:30:01',3,2,1296,0.68834,2.95,0.97200,0.68684,0.68834,20267,0,''),
(166,1,20267,'2022-09-13 04:11:18',1,2,-1296,0.69062,0.00,0.09070,0.69062,0.69076,20267,0,'A1a-1,tp=20,sl=0,TSL=0'),
(167,1,20256,'2022-09-13 07:30:01',3,2,1074,0.68834,2.36,0.80550,0.68684,0.68834,20255,0,''),
(168,1,20255,'2022-09-13 04:09:14',1,2,-1074,0.69054,0.00,0.06440,0.69054,0.69066,20255,0,'A1a-1,tp=20,sl=0,TSL=0'),
(169,1,20260,'2022-09-13 07:30:01',3,2,1294,0.68834,2.78,0.97050,0.68684,0.68834,20259,0,''),
(170,1,20259,'2022-09-13 04:10:07',1,2,-1294,0.69049,0.00,0.08410,0.69049,0.69062,20259,0,'A1a-1,tp=20,sl=0,TSL=0'),
(171,1,20284,'2022-09-13 07:30:01',3,2,1059,0.68834,2.28,0.79420,0.68684,0.68834,20283,0,''),
(172,1,20283,'2022-09-13 04:13:07',1,2,-1059,0.69049,0.00,0.05300,0.69049,0.69059,20283,0,'A1a-1,tp=20,sl=0,TSL=0'),
(173,1,20244,'2022-09-13 07:30:01',3,2,1435,0.68834,2.87,1.07620,0.68684,0.68834,20243,0,''),
(174,1,20243,'2022-09-13 04:08:06',1,2,-1435,0.69034,0.00,0.08610,0.69034,0.69046,20243,0,'A1a-1,tp=20,sl=0,TSL=0'),
(175,1,19411,'2022-09-13 07:30:01',3,21,1297,0.61147,3.19,1.06350,0.60983,0.61147,19410,0,''),
(176,1,19410,'2022-09-12 02:10:08',1,21,-1297,0.61393,0.00,0.17510,0.61393,0.61420,19410,0,'A1a-1,tp=20,sl=0,TSL=0'),
(177,1,19395,'2022-09-13 07:30:01',3,21,1161,0.61147,2.75,0.95200,0.60983,0.61147,19394,0,''),
(178,1,19394,'2022-09-12 02:08:31',1,21,-1161,0.61384,0.00,0.14510,0.61384,0.61409,19394,0,'A1a-1,tp=20,sl=0,TSL=0'),
(179,1,19283,'2022-09-13 07:30:01',3,21,1422,0.61147,3.33,1.16600,0.60983,0.61147,19282,0,''),
(180,1,19282,'2022-09-12 02:04:43',1,21,-1422,0.61381,0.00,0.18490,0.61381,0.61407,19282,0,'A1a-1,tp=20,sl=0,TSL=0'),
(181,1,19371,'2022-09-13 07:30:01',3,21,1318,0.61147,3.04,1.08080,0.60983,0.61147,19370,0,''),
(182,1,19370,'2022-09-12 02:07:40',1,21,-1318,0.61378,0.00,0.14500,0.61378,0.61400,19370,0,'A1a-1,tp=20,sl=0,TSL=0'),
(183,1,19243,'2022-09-13 07:30:01',3,21,1205,0.61147,2.63,0.98810,0.60983,0.61147,19242,0,''),
(184,1,19242,'2022-09-12 02:03:32',1,21,-1205,0.61365,0.00,0.14460,0.61365,0.61389,19242,0,'A1a-1,tp=20,sl=0,TSL=0'),
(185,1,19315,'2022-09-13 07:30:01',3,21,1065,0.61147,2.31,0.87330,0.60983,0.61147,19314,0,''),
(186,1,19314,'2022-09-12 02:05:46',1,21,-1065,0.61364,0.00,0.13310,0.61364,0.61389,19314,0,'A1a-1,tp=20,sl=0,TSL=0'),
(187,1,19343,'2022-09-13 07:30:01',3,21,1278,0.61147,2.79,1.04800,0.60983,0.61147,19342,0,''),
(188,1,19342,'2022-09-12 02:06:41',1,21,-1278,0.61365,0.00,0.13420,0.61365,0.61386,19342,0,'A1a-1,tp=20,sl=0,TSL=0'),
(189,1,20292,'2022-09-13 07:30:02',3,2,1062,0.68734,3.12,0.79650,0.68584,0.68734,20291,0,''),
(190,1,20291,'2022-09-13 04:14:06',1,2,-1062,0.69028,0.00,0.06900,0.69028,0.69041,20291,0,'A1a-1,tp=20,sl=0,TSL=0'),
(191,1,20240,'2022-09-13 07:30:02',3,2,1448,0.68734,4.16,1.08600,0.68584,0.68734,20239,0,''),
(192,1,20239,'2022-09-13 04:07:03',1,2,-1448,0.69021,0.00,0.09410,0.69021,0.69034,20239,0,'A1a-1,tp=20,sl=0,TSL=0'),
(193,1,19219,'2022-09-13 07:30:02',3,21,1226,0.61128,2.61,0.95630,0.60972,0.61128,19218,0,''),
(194,1,19218,'2022-09-12 02:02:33',1,21,-1226,0.61341,0.00,0.16550,0.61341,0.61368,19218,0,'A1a-1,tp=20,sl=0,TSL=0'),
(195,1,19159,'2022-09-13 07:30:02',3,21,1273,0.61112,2.56,0.94200,0.60964,0.61112,19158,0,''),
(196,1,19158,'2022-09-12 02:00:35',1,21,-1273,0.61313,0.00,0.14640,0.61313,0.61336,19158,0,'A1a-1,tp=20,sl=0,TSL=0'),
(197,1,20422,'2022-09-13 07:30:02',3,6,1020,1.01320,5.06,0.25500,1.01270,1.01320,20421,0,''),
(198,1,20421,'2022-09-13 06:19:02',1,6,-1020,1.01816,0.00,0.07140,1.01816,1.01830,20421,0,'A1a-1,tp=20,sl=0,TSL=0'),
(199,1,20418,'2022-09-13 07:30:02',3,6,1431,1.01320,7.07,0.35780,1.01270,1.01320,20417,0,''),
(200,1,20417,'2022-09-13 06:18:02',1,6,-1431,1.01814,0.00,0.10020,1.01814,1.01828,20417,0,'A1a-1,tp=20,sl=0,TSL=0'),
(201,1,20455,'2022-09-13 07:30:02',3,12,1074,1.31747,1.70,0.68120,1.31582,1.31747,20454,0,''),
(202,1,20454,'2022-09-13 06:30:09',1,12,-1074,1.31954,0.00,0.12840,1.31954,1.31985,20454,0,'A1a-1,tp=20,sl=0,TSL=0'),
(203,1,19193,'2022-09-13 07:30:02',3,21,1405,0.61100,2.82,0.96240,0.60963,0.61100,19192,0,''),
(204,1,19192,'2022-09-12 02:01:39',1,21,-1405,0.61301,0.00,0.18970,0.61301,0.61328,19192,0,'A1a-1,tp=20,sl=0,TSL=0'),
(205,1,20272,'2022-09-13 07:30:03',3,7,1496,0.89377,2.30,1.19050,0.89170,0.89377,20271,0,''),
(206,1,20271,'2022-09-13 04:11:28',1,7,-1496,0.89578,0.00,0.13840,0.89578,0.89602,20271,0,'A1a-1,tp=20,sl=0,TSL=0'),
(207,1,20280,'2022-09-13 07:30:04',3,7,1142,0.89371,1.79,0.90890,0.89164,0.89371,20279,0,''),
(208,1,20279,'2022-09-13 04:12:15',1,7,-1142,0.89576,0.00,0.10120,0.89576,0.89599,20279,0,'A1a-1,tp=20,sl=0,TSL=0'),
(209,1,20248,'2022-09-13 07:30:04',3,7,1068,0.89371,1.64,0.85000,0.89164,0.89371,20247,0,''),
(210,1,20247,'2022-09-13 04:08:14',1,7,-1068,0.89572,0.00,0.09050,0.89572,0.89594,20247,0,'A1a-1,tp=20,sl=0,TSL=0'),
(211,1,20252,'2022-09-13 07:30:04',3,7,1350,0.89353,2.24,1.07440,0.89146,0.89353,20251,0,''),
(212,1,20251,'2022-09-13 04:09:06',1,7,-1350,0.89570,0.00,0.13010,0.89570,0.89595,20251,0,'A1a-1,tp=20,sl=0,TSL=0'),
(213,1,20288,'2022-09-13 07:30:04',3,7,1101,0.89353,1.82,0.87630,0.89146,0.89353,20287,0,''),
(214,1,20287,'2022-09-13 04:13:15',1,7,-1101,0.89569,0.00,0.10180,0.89569,0.89593,20287,0,'A1a-1,tp=20,sl=0,TSL=0'),
(215,1,20296,'2022-09-13 07:30:04',3,7,1150,0.89353,1.87,0.91530,0.89146,0.89353,20295,0,''),
(216,1,20295,'2022-09-13 04:14:16',1,7,-1150,0.89566,0.00,0.10190,0.89566,0.89589,20295,0,'A1a-1,tp=20,sl=0,TSL=0'),
(217,1,20264,'2022-09-13 07:30:04',3,7,1484,0.89353,2.28,1.18110,0.89146,0.89353,20263,0,''),
(218,1,20263,'2022-09-13 04:10:16',1,7,-1484,0.89554,0.00,0.13730,0.89554,0.89578,20263,0,'A1a-1,tp=20,sl=0,TSL=0'),
(219,1,19705,'2022-09-13 07:30:10',3,25,-1400,1.30072,2.23,0.53800,1.30072,1.30172,19704,0,''),
(220,1,19704,'2022-09-12 02:26:01',1,25,1400,1.29864,0.00,0.10240,1.29845,1.29864,19704,0,'A1a-1,tp=20,sl=0,TSL=0'),
(221,1,19673,'2022-09-13 07:30:10',3,25,-1418,1.30096,2.42,0.54480,1.30096,1.30196,19672,0,''),
(222,1,19672,'2022-09-12 02:25:02',1,25,1418,1.29873,0.00,0.09830,1.29855,1.29873,19672,0,'A1a-1,tp=20,sl=0,TSL=0'),
(223,1,19641,'2022-09-13 07:30:10',3,25,-1225,1.30096,2.03,0.47060,1.30096,1.30196,19640,0,''),
(224,1,19640,'2022-09-12 02:24:02',1,25,1225,1.29879,0.00,0.08490,1.29861,1.29879,19640,0,'A1a-1,tp=20,sl=0,TSL=0'),
(225,1,19621,'2022-09-13 07:30:10',3,25,-1096,1.30096,1.72,0.42110,1.30096,1.30196,19620,0,''),
(226,1,19620,'2022-09-12 02:23:01',1,25,1096,1.29891,0.00,0.07590,1.29873,1.29891,19620,0,'A1a-1,tp=20,sl=0,TSL=0'),
(227,1,19737,'2022-09-13 07:30:10',3,25,-1042,1.30120,1.72,0.40020,1.30120,1.30220,19736,0,''),
(228,1,19736,'2022-09-12 02:27:02',1,25,1042,1.29904,0.00,0.06420,1.29888,1.29904,19736,0,'A1a-1,tp=20,sl=0,TSL=0'),
(229,1,19581,'2022-09-13 07:30:10',3,25,-1105,1.30120,1.73,0.42440,1.30120,1.30220,19580,0,''),
(230,1,19580,'2022-09-12 02:21:02',1,25,1105,1.29915,0.00,0.08080,1.29896,1.29915,19580,0,'A1a-1,tp=20,sl=0,TSL=0'),
(231,1,19561,'2022-09-13 07:30:10',3,25,-1120,1.30120,1.74,0.43020,1.30120,1.30220,19560,0,''),
(232,1,19560,'2022-09-12 02:19:02',1,25,1120,1.29917,0.00,0.07760,1.29899,1.29917,19560,0,'A1a-1,tp=20,sl=0,TSL=0'),
(233,1,19601,'2022-09-13 07:30:13',3,25,-1098,1.30125,1.70,0.23200,1.30125,1.30180,19600,0,''),
(234,1,19600,'2022-09-12 02:22:02',1,25,1098,1.29922,0.00,0.08030,1.29903,1.29922,19600,0,'A1a-1,tp=20,sl=0,TSL=0'),
(235,1,19557,'2022-09-13 07:30:13',3,25,-1184,1.30125,1.81,0.25020,1.30125,1.30180,19556,0,''),
(236,1,19556,'2022-09-12 02:18:02',1,25,1184,1.29925,0.00,0.07290,1.29909,1.29925,19556,0,'A1a-1,tp=20,sl=0,TSL=0'),
(237,1,19569,'2022-09-13 07:30:13',3,25,-1344,1.30129,2.08,0.32530,1.30129,1.30192,19568,0,''),
(238,1,19568,'2022-09-12 02:20:02',1,25,1344,1.29927,0.00,0.07760,1.29912,1.29927,19568,0,'A1a-1,tp=20,sl=0,TSL=0'),
(239,1,19291,'2022-09-13 07:30:13',3,2,1209,0.68584,2.48,0.38690,0.68520,0.68584,19290,0,''),
(240,1,19290,'2022-09-12 02:05:07',1,2,-1209,0.68789,0.00,0.08460,0.68789,0.68803,19290,0,'A1a-1,tp=20,sl=0,TSL=0'),
(241,1,19541,'2022-09-13 07:30:13',3,2,1215,0.68584,2.44,0.38880,0.68520,0.68584,19540,0,''),
(242,1,19540,'2022-09-12 02:15:02',1,2,-1215,0.68785,0.00,0.09110,0.68785,0.68800,19540,0,'A1a-1,tp=20,sl=0,TSL=0'),
(243,1,19517,'2022-09-13 07:30:13',3,2,1412,0.68584,2.85,0.45180,0.68520,0.68584,19516,0,''),
(244,1,19516,'2022-09-12 02:14:07',1,2,-1412,0.68786,0.00,0.09880,0.68786,0.68800,19516,0,'A1a-1,tp=20,sl=0,TSL=0'),
(245,1,19415,'2022-09-13 07:30:13',3,2,1311,0.68576,2.70,0.39330,0.68516,0.68576,19414,0,''),
(246,1,19414,'2022-09-12 02:10:16',1,2,-1311,0.68782,0.00,0.07870,0.68782,0.68794,19414,0,'A1a-1,tp=20,sl=0,TSL=0'),
(247,1,19259,'2022-09-13 07:30:13',3,2,1427,0.68576,2.87,0.42810,0.68516,0.68576,19258,0,''),
(248,1,19258,'2022-09-12 02:04:07',1,2,-1427,0.68777,0.00,0.09990,0.68777,0.68791,19258,0,'A1a-1,tp=20,sl=0,TSL=0'),
(249,1,19323,'2022-09-13 07:30:13',3,2,1429,0.68566,2.96,0.39300,0.68511,0.68566,19322,0,''),
(250,1,19322,'2022-09-12 02:06:07',1,2,-1429,0.68773,0.00,0.09290,0.68773,0.68786,19322,0,'A1a-1,tp=20,sl=0,TSL=0'),
(251,1,19379,'2022-09-13 07:30:13',3,2,1300,0.68555,2.72,0.34450,0.68502,0.68555,19378,0,''),
(252,1,19378,'2022-09-12 02:08:08',1,2,-1300,0.68764,0.00,0.09100,0.68764,0.68778,19378,0,'A1a-1,tp=20,sl=0,TSL=0'),
(253,1,19351,'2022-09-13 07:30:14',3,2,1315,0.68544,2.68,0.30240,0.68498,0.68544,19350,0,''),
(254,1,19350,'2022-09-12 02:07:08',1,2,-1315,0.68748,0.00,0.09200,0.68748,0.68762,19350,0,'A1a-1,tp=20,sl=0,TSL=0'),
(255,1,19227,'2022-09-13 07:30:14',3,2,1027,0.68544,2.08,0.23620,0.68498,0.68544,19226,0,''),
(256,1,19226,'2022-09-12 02:03:07',1,2,-1027,0.68747,0.00,0.07190,0.68747,0.68761,19226,0,'A1a-1,tp=20,sl=0,TSL=0'),
(257,1,19497,'2022-09-13 07:30:14',3,5,1396,1.16542,3.17,1.04700,1.16392,1.16542,19496,0,''),
(258,1,19496,'2022-09-12 02:13:35',1,5,-1396,1.16769,0.00,0.15360,1.16769,1.16791,19496,0,'A1a-1,tp=20,sl=0,TSL=0'),
(259,1,19533,'2022-09-13 07:30:14',3,5,1358,1.16542,3.06,1.01850,1.16392,1.16542,19532,0,''),
(260,1,19532,'2022-09-12 02:14:30',1,5,-1358,1.16767,0.00,0.14260,1.16767,1.16788,19532,0,'A1a-1,tp=20,sl=0,TSL=0'),
(261,1,19443,'2022-09-13 07:30:14',3,25,-1268,1.30158,2.17,0.35060,1.30158,1.30230,19442,0,''),
(262,1,19442,'2022-09-12 02:12:02',1,25,1268,1.29934,0.00,0.08300,1.29917,1.29934,19442,0,'A1a-1,tp=20,sl=0,TSL=0'),
(263,1,19549,'2022-09-13 07:30:14',3,25,-1196,1.30158,2.05,0.33070,1.30158,1.30230,19548,0,''),
(264,1,19548,'2022-09-12 02:16:02',1,25,1196,1.29934,0.00,0.07820,1.29917,1.29934,19548,0,'A1a-1,tp=20,sl=0,TSL=0'),
(265,1,19423,'2022-09-13 07:30:14',3,25,-1488,1.30158,2.45,0.41140,1.30158,1.30230,19422,0,''),
(266,1,19422,'2022-09-12 02:11:02',1,25,1488,1.29943,0.00,0.10880,1.29924,1.29943,19422,0,'A1a-1,tp=20,sl=0,TSL=0'),
(267,1,19473,'2022-09-13 07:30:14',3,25,-1024,1.30158,1.70,0.28310,1.30158,1.30230,19472,0,''),
(268,1,19472,'2022-09-12 02:13:01',1,25,1024,1.29941,0.00,0.06700,1.29924,1.29941,19472,0,'A1a-1,tp=20,sl=0,TSL=0'),
(269,1,19553,'2022-09-13 07:30:14',3,25,-1499,1.30158,2.44,0.41450,1.30158,1.30230,19552,0,''),
(270,1,19552,'2022-09-12 02:17:02',1,25,1499,1.29945,0.00,0.09810,1.29928,1.29945,19552,0,'A1a-1,tp=20,sl=0,TSL=0'),
(271,1,19513,'2022-09-13 07:30:14',3,25,-1211,1.30158,1.86,0.33490,1.30158,1.30230,19512,0,''),
(272,1,19512,'2022-09-12 02:14:02',1,25,1211,1.29957,0.00,0.08850,1.29938,1.29957,19512,0,'A1a-1,tp=20,sl=0,TSL=0'),
(273,1,19287,'2022-09-13 07:30:14',3,25,-1387,1.30172,2.12,0.38350,1.30172,1.30244,19286,0,''),
(274,1,19286,'2022-09-12 02:05:02',1,25,1387,1.29972,0.00,0.10140,1.29953,1.29972,19286,0,'A1a-1,tp=20,sl=0,TSL=0'),
(275,1,19319,'2022-09-13 07:30:14',3,25,-1209,1.30172,1.89,0.33430,1.30172,1.30244,19318,0,''),
(276,1,19318,'2022-09-12 02:06:01',1,25,1209,1.29967,0.00,0.08840,1.29948,1.29967,19318,0,'A1a-1,tp=20,sl=0,TSL=0'),
(277,1,19407,'2022-09-13 07:30:14',3,25,-1333,1.30172,2.06,0.36850,1.30172,1.30244,19406,0,''),
(278,1,19406,'2022-09-12 02:10:02',1,25,1333,1.29970,0.00,0.09740,1.29951,1.29970,19406,0,'A1a-1,tp=20,sl=0,TSL=0'),
(279,1,19399,'2022-09-13 07:30:14',3,25,-1260,1.30193,1.98,0.29510,1.30193,1.30254,19398,0,''),
(280,1,19398,'2022-09-12 02:09:02',1,25,1260,1.29987,0.00,0.09210,1.29968,1.29987,19398,0,'A1a-1,tp=20,sl=0,TSL=0'),
(281,1,19255,'2022-09-13 07:30:14',3,25,-1152,1.30193,1.80,0.26980,1.30193,1.30254,19254,0,''),
(282,1,19254,'2022-09-12 02:04:02',1,25,1152,1.29989,0.00,0.07090,1.29973,1.29989,19254,0,'A1a-1,tp=20,sl=0,TSL=0'),
(283,1,19347,'2022-09-13 07:30:14',3,25,-1135,1.30193,1.74,0.26580,1.30193,1.30254,19346,0,''),
(284,1,19346,'2022-09-12 02:07:02',1,25,1135,1.29992,0.00,0.07860,1.29974,1.29992,19346,0,'A1a-1,tp=20,sl=0,TSL=0'),
(285,1,19223,'2022-09-13 07:30:14',3,25,-1475,1.30196,2.25,0.33410,1.30196,1.30255,19222,0,''),
(286,1,19222,'2022-09-12 02:03:01',1,25,1475,1.29996,0.00,0.08510,1.29981,1.29996,19222,0,'A1a-1,tp=20,sl=0,TSL=0'),
(287,1,19143,'2022-09-13 07:30:14',3,2,1351,0.68517,2.73,0.32420,0.68469,0.68517,19141,0,''),
(288,1,19141,'2022-09-12 02:00:09',1,2,-1351,0.68719,0.00,0.12160,0.68719,0.68737,19141,0,'A1a-1,tp=20,sl=0,TSL=0'),
(289,1,19171,'2022-09-13 07:30:14',3,2,1193,0.68503,2.52,0.27440,0.68457,0.68503,19170,0,''),
(290,1,19170,'2022-09-12 02:01:07',1,2,-1193,0.68714,0.00,0.08350,0.68714,0.68728,19170,0,'A1a-1,tp=20,sl=0,TSL=0'),
(291,1,19375,'2022-09-13 07:30:15',3,25,-1233,1.30214,1.97,0.23190,1.30214,1.30263,19374,0,''),
(292,1,19374,'2022-09-12 02:08:02',1,25,1233,1.30005,0.00,0.08060,1.29988,1.30005,19374,0,'A1a-1,tp=20,sl=0,TSL=0'),
(293,1,19167,'2022-09-13 07:30:15',3,25,-1404,1.30228,2.16,0.21020,1.30228,1.30267,19166,0,''),
(294,1,19166,'2022-09-12 02:01:02',1,25,1404,1.30027,0.00,0.09180,1.30010,1.30027,19166,0,'A1a-1,tp=20,sl=0,TSL=0'),
(295,1,19279,'2022-09-13 07:30:16',3,5,1118,1.16500,2.60,0.83850,1.16350,1.16500,19278,0,''),
(296,1,19278,'2022-09-12 02:04:37',1,5,-1118,1.16733,0.00,0.09500,1.16733,1.16750,19278,0,'A1a-1,tp=20,sl=0,TSL=0'),
(297,1,19201,'2022-09-13 07:30:16',3,25,-1138,1.30234,1.75,0.23590,1.30234,1.30288,19200,0,''),
(298,1,19200,'2022-09-12 02:02:02',1,25,1138,1.30033,0.00,0.09190,1.30012,1.30033,19200,0,'A1a-1,tp=20,sl=0,TSL=0'),
(299,1,19137,'2022-09-13 07:30:19',3,25,-1202,1.30259,1.88,0.19380,1.30259,1.30301,19136,0,''),
(300,1,19136,'2022-09-12 02:00:02',1,25,1202,1.30054,0.00,0.06930,1.30039,1.30054,19136,0,'A1a-1,tp=20,sl=0,TSL=0'),
(301,1,19311,'2022-09-13 07:30:28',3,5,1323,1.16469,2.90,0.48290,1.16396,1.16469,19310,0,''),
(302,1,19310,'2022-09-12 02:05:40',1,5,-1323,1.16688,0.00,0.11250,1.16688,1.16705,19310,0,'A1a-1,tp=20,sl=0,TSL=0'),
(303,1,19339,'2022-09-13 07:30:28',3,5,1388,1.16469,2.82,0.50660,1.16396,1.16469,19338,0,''),
(304,1,19338,'2022-09-12 02:06:35',1,5,-1388,1.16672,0.00,0.11800,1.16672,1.16689,19338,0,'A1a-1,tp=20,sl=0,TSL=0'),
(305,1,19239,'2022-09-13 07:30:32',3,5,1300,1.16440,2.69,0.53950,1.16357,1.16440,19238,0,''),
(306,1,19238,'2022-09-12 02:03:27',1,5,-1300,1.16647,0.00,0.12350,1.16647,1.16666,19238,0,'A1a-1,tp=20,sl=0,TSL=0'),
(307,1,19391,'2022-09-13 07:30:32',3,5,1371,1.16424,2.81,0.55530,1.16343,1.16424,19390,0,''),
(308,1,19390,'2022-09-12 02:08:26',1,5,-1371,1.16629,0.00,0.12340,1.16629,1.16647,19390,0,'A1a-1,tp=20,sl=0,TSL=0'),
(309,1,19215,'2022-09-13 07:30:32',3,5,1250,1.16419,2.53,0.49380,1.16340,1.16419,19214,0,''),
(310,1,19214,'2022-09-12 02:02:28',1,5,-1250,1.16621,0.00,0.13750,1.16621,1.16643,19214,0,'A1a-1,tp=20,sl=0,TSL=0'),
(311,1,19175,'2022-09-13 07:30:42',3,7,1454,0.89136,2.34,0.27910,0.89086,0.89136,19174,0,''),
(312,1,19174,'2022-09-12 02:01:13',1,7,-1454,0.89347,0.00,0.13980,0.89347,0.89372,19174,0,'A1a-1,tp=20,sl=0,TSL=0'),
(313,1,19147,'2022-09-13 07:30:42',3,7,1408,0.89126,2.18,0.25940,0.89078,0.89126,19146,0,''),
(314,1,19146,'2022-09-12 02:00:15',1,7,-1408,0.89329,0.00,0.15160,0.89329,0.89357,19146,0,'A1a-1,tp=20,sl=0,TSL=0'),
(315,1,19367,'2022-09-13 07:30:55',3,5,1315,1.16412,2.70,0.34850,1.16359,1.16412,19366,0,''),
(316,1,19366,'2022-09-12 02:07:35',1,5,-1315,1.16617,0.00,0.11840,1.16617,1.16635,19366,0,'A1a-1,tp=20,sl=0,TSL=0'),
(317,1,19197,'2022-09-13 07:30:59',3,5,1179,1.16346,2.44,0.25940,1.16302,1.16346,19196,0,''),
(318,1,19196,'2022-09-12 02:01:48',1,5,-1179,1.16553,0.00,0.11790,1.16553,1.16573,19196,0,'A1a-1,tp=20,sl=0,TSL=0'),
(319,1,20583,'2022-09-13 07:32:25',3,27,-1137,143.48700,1.55,0.15450,143.48700,143.52600,20582,0,''),
(320,1,20582,'2022-09-13 07:31:08',1,27,1137,143.29100,0.00,0.11510,143.26200,143.29100,20582,0,'A1a-1,tp=20,sl=0,TSL=0'),
(321,1,18031,'2022-09-13 07:36:16',3,2,1479,0.68223,2.94,0.09610,0.68210,0.68223,18030,0,''),
(322,1,18030,'2022-09-09 02:03:08',1,2,-1479,0.68422,0.00,0.10350,0.68422,0.68436,18030,0,'A1a-1,tp=20,sl=0,TSL=0'),
(323,1,18047,'2022-09-13 07:36:17',3,2,1269,0.68218,2.56,0.09520,0.68203,0.68218,18046,0,''),
(324,1,18046,'2022-09-09 02:04:08',1,2,-1269,0.68420,0.00,0.08250,0.68420,0.68433,18046,0,'A1a-1,tp=20,sl=0,TSL=0'),
(325,1,19789,'2022-09-13 07:36:24',3,26,-1409,0.95728,2.91,0.16190,0.95728,0.95750,19788,0,''),
(326,1,19788,'2022-09-12 02:31:02',1,26,1409,0.95529,0.00,0.14750,0.95509,0.95529,19788,0,'A1a-1,tp=20,sl=0,TSL=0'),
(327,1,19709,'2022-09-13 07:36:33',3,26,-1231,0.95750,2.58,0.16070,0.95750,0.95775,19708,0,''),
(328,1,19708,'2022-09-12 02:26:05',1,26,1231,0.95548,0.00,0.09660,0.95533,0.95548,19708,0,'A1a-1,tp=20,sl=0,TSL=0'),
(329,1,19777,'2022-09-13 07:36:35',3,26,-1152,0.95758,2.44,0.13230,0.95758,0.95780,19776,0,''),
(330,1,19776,'2022-09-12 02:30:02',1,26,1152,0.95554,0.00,0.11450,0.95535,0.95554,19776,0,'A1a-1,tp=20,sl=0,TSL=0'),
(331,1,19677,'2022-09-13 07:36:35',3,26,-1185,0.95760,2.46,0.12990,0.95760,0.95781,19676,0,''),
(332,1,19676,'2022-09-12 02:25:06',1,26,1185,0.95560,0.00,0.10540,0.95543,0.95560,19676,0,'A1a-1,tp=20,sl=0,TSL=0'),
(333,1,19741,'2022-09-13 07:36:39',3,26,-1412,0.95765,2.95,0.18430,0.95765,0.95790,19740,0,''),
(334,1,19740,'2022-09-12 02:27:06',1,26,1412,0.95564,0.00,0.13300,0.95546,0.95564,19740,0,'A1a-1,tp=20,sl=0,TSL=0'),
(335,1,19645,'2022-09-13 07:36:40',3,26,-1121,0.95778,2.35,0.14040,0.95778,0.95802,19644,0,''),
(336,1,19644,'2022-09-12 02:24:06',1,26,1121,0.95576,0.00,0.11140,0.95557,0.95576,19644,0,'A1a-1,tp=20,sl=0,TSL=0'),
(337,1,19625,'2022-09-13 07:36:43',3,26,-1242,0.95780,2.58,0.12320,0.95780,0.95799,19624,0,''),
(338,1,19624,'2022-09-12 02:23:05',1,26,1242,0.95580,0.00,0.11050,0.95563,0.95580,19624,0,'A1a-1,tp=20,sl=0,TSL=0'),
(339,1,19605,'2022-09-13 07:40:13',3,26,-1258,0.95803,2.63,0.13130,0.95803,0.95823,19604,0,''),
(340,1,19604,'2022-09-12 02:22:07',1,26,1258,0.95602,0.00,0.09870,0.95587,0.95602,19604,0,'A1a-1,tp=20,sl=0,TSL=0'),
(341,1,19585,'2022-09-13 07:40:34',3,26,-1052,0.95819,2.18,0.10980,0.95819,0.95839,19584,0,''),
(342,1,19584,'2022-09-12 02:21:06',1,26,1052,0.95619,0.00,0.09900,0.95601,0.95619,19584,0,'A1a-1,tp=20,sl=0,TSL=0'),
(343,1,19427,'2022-09-13 07:40:35',3,26,-1147,0.95823,2.41,0.10170,0.95823,0.95840,19426,0,''),
(344,1,19426,'2022-09-12 02:11:07',1,26,1147,0.95621,0.00,0.12000,0.95601,0.95621,19426,0,'A1a-1,tp=20,sl=0,TSL=0'),
(345,1,19447,'2022-09-13 07:40:41',3,26,-1435,0.95830,3.01,0.16470,0.95830,0.95852,19446,0,''),
(346,1,19446,'2022-09-12 02:12:07',1,26,1435,0.95628,0.00,0.15010,0.95608,0.95628,19446,0,'A1a-1,tp=20,sl=0,TSL=0'),
(347,1,20891,'2022-09-13 07:43:08',3,27,1392,143.78700,1.97,0.10170,143.76600,143.78700,20890,0,''),
(348,1,20890,'2022-09-13 07:40:23',1,27,-1392,143.99100,0.00,0.10630,143.99100,144.01300,20890,0,'A1a-1,tp=20,sl=0,TSL=0'),
(349,1,20746,'2022-09-13 07:43:09',3,27,1140,143.76800,1.64,0.08720,143.74600,143.76800,20745,0,''),
(350,1,20745,'2022-09-13 07:36:51',1,27,-1140,143.97600,0.00,0.09900,143.97600,144.00100,20745,0,'A1a-1,tp=20,sl=0,TSL=0'),
(351,1,20860,'2022-09-13 07:43:09',3,27,1417,143.73100,2.30,0.12320,143.70600,143.73100,20859,0,''),
(352,1,20859,'2022-09-13 07:39:29',1,27,-1417,143.96500,0.00,0.10330,143.96500,143.98600,20859,0,'A1a-1,tp=20,sl=0,TSL=0'),
(353,1,20929,'2022-09-13 07:43:09',3,27,1016,143.73100,1.45,0.08840,143.70600,143.73100,20928,0,''),
(354,1,20928,'2022-09-13 07:41:36',1,27,-1016,143.93700,0.00,0.09180,143.93700,143.96300,20928,0,'A1a-1,tp=20,sl=0,TSL=0'),
(355,1,20811,'2022-09-13 07:43:10',3,27,1232,143.72200,1.76,0.09000,143.70100,143.72200,20810,0,''),
(356,1,20810,'2022-09-13 07:38:31',1,27,-1232,143.92800,0.00,0.08560,143.92800,143.94800,20810,0,'A1a-1,tp=20,sl=0,TSL=0'),
(357,1,20951,'2022-09-13 07:43:10',3,27,1353,143.71000,1.88,0.12710,143.68300,143.71000,20950,0,''),
(358,1,20950,'2022-09-13 07:42:15',1,27,-1353,143.91100,0.00,0.11280,143.91100,143.93500,20950,0,'A1a-1,tp=20,sl=0,TSL=0'),
(359,1,17965,'2022-09-13 07:53:22',3,2,1196,0.68077,2.39,0.08370,0.68063,0.68077,17964,0,''),
(360,1,17964,'2022-09-08 23:16:27',1,2,-1196,0.68277,0.00,0.08970,0.68277,0.68292,17964,0,'A1a-1,tp=20,sl=0,TSL=0'),
(361,1,17951,'2022-09-13 07:53:24',3,2,1345,0.68072,2.70,0.08740,0.68059,0.68072,17950,0,''),
(362,1,17950,'2022-09-08 23:15:27',1,2,-1345,0.68273,0.00,0.10760,0.68273,0.68289,17950,0,'A1a-1,tp=20,sl=0,TSL=0'),
(363,1,19477,'2022-09-13 07:54:57',3,26,-1457,0.95902,3.02,0.13670,0.95902,0.95920,19476,0,''),
(364,1,19476,'2022-09-12 02:13:07',1,26,1457,0.95702,0.00,0.13700,0.95684,0.95702,19476,0,'A1a-1,tp=20,sl=0,TSL=0'),
(365,1,21045,'2022-09-13 07:55:26',3,12,-1460,1.31288,2.25,0.16760,1.31288,1.31318,21044,0,''),
(366,1,21044,'2022-09-13 07:44:56',1,12,1460,1.31086,0.00,0.16800,1.31056,1.31086,21044,0,'A1a-1,tp=20,sl=0,TSL=0'),
(367,1,20833,'2022-09-13 08:02:34',3,13,-1234,0.96477,2.64,0.15390,0.96477,0.96501,20832,0,''),
(368,1,20832,'2022-09-13 07:39:01',1,13,1234,0.96270,0.00,0.17390,0.96243,0.96270,20832,0,'A1a-1,tp=20,sl=0,TSL=0'),
(369,1,20868,'2022-09-13 08:02:34',3,13,-1354,0.96480,2.84,0.15480,0.96480,0.96502,20867,0,''),
(370,1,20867,'2022-09-13 07:39:47',1,13,1354,0.96277,0.00,0.19790,0.96249,0.96277,20867,0,'A1a-1,tp=20,sl=0,TSL=0'),
(371,1,19941,'2022-09-13 08:02:36',3,9,-1054,0.73569,2.19,0.09310,0.73569,0.73586,19940,0,''),
(372,1,19940,'2022-09-12 06:01:07',1,9,1054,0.73368,0.00,0.09400,0.73351,0.73368,19940,0,'A1a-1,tp=20,sl=0,TSL=0'),
(373,1,19946,'2022-09-13 08:11:38',3,9,-1299,0.73580,2.68,0.13490,0.73580,0.73600,19945,0,''),
(374,1,19945,'2022-09-12 06:02:02',1,9,1299,0.73380,0.00,0.14300,0.73359,0.73380,19945,0,'A1a-1,tp=20,sl=0,TSL=0'),
(375,1,21606,'2022-09-13 08:19:59',3,27,1384,144.45100,1.90,0.07190,144.43600,144.45100,21605,0,''),
(376,1,21605,'2022-09-13 08:12:36',1,27,-1384,144.65000,0.00,0.09090,144.65000,144.66900,21605,0,'A1a-1,tp=20,sl=0,TSL=0'),
(377,1,21695,'2022-09-13 08:20:32',3,27,1368,144.43100,1.82,0.07100,144.41600,144.43100,21694,0,''),
(378,1,21694,'2022-09-13 08:16:36',1,27,-1368,144.62400,0.00,0.08040,144.62400,144.64100,21694,0,'A1a-1,tp=20,sl=0,TSL=0'),
(379,1,21663,'2022-09-13 08:20:33',3,27,1462,144.40100,2.03,0.08100,144.38500,144.40100,21662,0,''),
(380,1,21662,'2022-09-13 08:15:02',1,27,-1462,144.60200,0.00,0.08590,144.60200,144.61900,21662,0,'A1a-1,tp=20,sl=0,TSL=0'),
(381,1,21626,'2022-09-13 08:20:34',3,27,1458,144.39500,2.00,0.08080,144.37900,144.39500,21625,0,''),
(382,1,21625,'2022-09-13 08:13:47',1,27,-1458,144.59400,0.00,0.08070,144.59400,144.61000,21625,0,'A1a-1,tp=20,sl=0,TSL=0'),
(383,1,21683,'2022-09-13 08:20:41',3,27,1124,144.38200,1.60,0.06230,144.36600,144.38200,21682,0,''),
(384,1,21682,'2022-09-13 08:15:41',1,27,-1124,144.58800,0.00,0.05440,144.58800,144.60200,21682,0,'A1a-1,tp=20,sl=0,TSL=0'),
(385,1,21643,'2022-09-13 08:22:12',3,5,-1277,1.15542,2.52,0.10850,1.15542,1.15559,21642,0,''),
(386,1,21642,'2022-09-13 08:14:12',1,5,1277,1.15345,0.00,0.12770,1.15325,1.15345,21642,0,'A1a-1,tp=20,sl=0,TSL=0'),
(387,1,21354,'2022-09-13 08:23:53',3,27,1329,144.27400,1.84,0.06450,144.26000,144.27400,21353,0,''),
(388,1,21353,'2022-09-13 08:02:12',1,27,-1329,144.47500,0.00,0.07820,144.47500,144.49200,21353,0,'A1a-1,tp=20,sl=0,TSL=0'),
(389,1,21583,'2022-09-13 08:23:55',3,6,-1450,1.00258,2.90,0.12320,1.00258,1.00275,21582,0,''),
(390,1,21582,'2022-09-13 08:11:23',1,6,1450,1.00058,0.00,0.10880,1.00043,1.00058,21582,0,'A1a-1,tp=20,sl=0,TSL=0'),
(391,1,21321,'2022-09-13 08:23:57',3,27,1348,144.23500,1.95,0.07010,144.22000,144.23500,21320,0,''),
(392,1,21320,'2022-09-13 08:01:14',1,27,-1348,144.44500,0.00,0.08400,144.44500,144.46300,21320,0,'A1a-1,tp=20,sl=0,TSL=0'),
(393,1,21261,'2022-09-13 08:24:07',3,27,1410,144.19600,1.98,0.07330,144.18100,144.19600,21260,0,''),
(394,1,21260,'2022-09-13 07:58:51',1,27,-1410,144.40000,0.00,0.07810,144.40000,144.41600,21260,0,'A1a-1,tp=20,sl=0,TSL=0'),
(395,1,21291,'2022-09-13 08:24:07',3,27,1387,144.19600,1.92,0.07210,144.18100,144.19600,21288,0,''),
(396,1,21288,'2022-09-13 08:00:03',1,27,-1387,144.39700,0.00,0.09120,144.39700,144.41600,21288,0,'A1a-1,tp=20,sl=0,TSL=0'),
(397,1,21618,'2022-09-13 08:24:10',3,5,-1137,1.15579,2.27,0.10800,1.15579,1.15598,21617,0,''),
(398,1,21617,'2022-09-13 08:13:22',1,5,1137,1.15379,0.00,0.09660,1.15362,1.15379,21617,0,'A1a-1,tp=20,sl=0,TSL=0'),
(399,1,21452,'2022-09-13 08:24:57',3,27,1140,144.18100,1.54,0.06330,144.16500,144.18100,21451,0,''),
(400,1,21451,'2022-09-13 08:05:03',1,27,-1140,144.37700,0.00,0.05920,144.37700,144.39200,21451,0,'A1a-1,tp=20,sl=0,TSL=0'),
(401,1,21397,'2022-09-13 08:24:57',3,27,1037,144.18100,1.44,0.05750,144.16500,144.18100,21394,0,''),
(402,1,21394,'2022-09-13 08:03:13',1,27,-1037,144.38200,0.00,0.06460,144.38200,144.40000,21394,0,'A1a-1,tp=20,sl=0,TSL=0'),
(403,1,21596,'2022-09-13 08:25:04',3,6,-1123,1.00290,2.26,0.08420,1.00290,1.00305,21595,0,''),
(404,1,21595,'2022-09-13 08:12:02',1,6,1123,1.00089,0.00,0.07300,1.00076,1.00089,21595,0,'A1a-1,tp=20,sl=0,TSL=0'),
(405,1,21610,'2022-09-13 08:25:04',3,6,-1023,1.00293,2.06,0.07160,1.00293,1.00307,21609,0,''),
(406,1,21609,'2022-09-13 08:13:03',1,6,1023,1.00092,0.00,0.07670,1.00077,1.00092,21609,0,'A1a-1,tp=20,sl=0,TSL=0'),
(407,1,21651,'2022-09-13 08:25:41',3,6,-1239,1.00303,2.48,0.08050,1.00303,1.00316,21650,0,''),
(408,1,21650,'2022-09-13 08:14:34',1,6,1239,1.00103,0.00,0.09290,1.00088,1.00103,21650,0,'A1a-1,tp=20,sl=0,TSL=0'),
(409,1,21667,'2022-09-13 08:32:02',3,6,-1130,1.00312,2.26,0.08480,1.00312,1.00327,21666,0,''),
(410,1,21666,'2022-09-13 08:15:03',1,6,1130,1.00112,0.00,0.07340,1.00099,1.00112,21666,0,'A1a-1,tp=20,sl=0,TSL=0'),
(411,1,21366,'2022-09-13 08:32:02',3,5,-1497,1.15616,3.05,0.14220,1.15616,1.15635,21365,0,''),
(412,1,21365,'2022-09-13 08:02:24',1,5,1497,1.15412,0.00,0.13470,1.15394,1.15412,21365,0,'A1a-1,tp=20,sl=0,TSL=0'),
(413,1,21342,'2022-09-13 08:32:02',3,5,-1274,1.15616,2.50,0.12100,1.15616,1.15635,21341,0,''),
(414,1,21341,'2022-09-13 08:01:51',1,5,1274,1.15420,0.00,0.12100,1.15401,1.15420,21341,0,'A1a-1,tp=20,sl=0,TSL=0'),
(415,1,21687,'2022-09-13 08:32:02',3,6,-1331,1.00320,2.68,0.09320,1.00320,1.00334,21686,0,''),
(416,1,21686,'2022-09-13 08:16:03',1,6,1331,1.00119,0.00,0.09320,1.00105,1.00119,21686,0,'A1a-1,tp=20,sl=0,TSL=0'),
(417,1,21671,'2022-09-13 08:32:02',3,2,-1371,0.68003,2.76,0.09600,0.68003,0.68017,21670,0,''),
(418,1,21670,'2022-09-13 08:15:12',1,2,1371,0.67802,0.00,0.08230,0.67790,0.67802,21670,0,'A1a-1,tp=20,sl=0,TSL=0'),
(419,1,21550,'2022-09-13 08:32:02',3,6,-1337,1.00327,2.63,0.09360,1.00327,1.00341,21549,0,''),
(420,1,21549,'2022-09-13 08:09:25',1,6,1337,1.00130,0.00,0.10700,1.00114,1.00130,21549,0,'A1a-1,tp=20,sl=0,TSL=0'),
(421,1,21655,'2022-09-13 08:32:04',3,25,1388,1.30709,2.11,0.08500,1.30693,1.30709,21654,0,''),
(422,1,21654,'2022-09-13 08:14:43',1,25,-1388,1.30909,0.00,0.08480,1.30909,1.30925,21654,0,'A1a-1,tp=20,sl=0,TSL=0'),
(423,1,21503,'2022-09-13 08:32:05',3,6,-1183,1.00331,2.37,0.08280,1.00331,1.00345,21502,0,''),
(424,1,21502,'2022-09-13 08:07:21',1,6,1183,1.00131,0.00,0.08870,1.00116,1.00131,21502,0,'A1a-1,tp=20,sl=0,TSL=0'),
(425,1,21614,'2022-09-13 08:32:06',3,2,-1241,0.68022,2.49,0.08690,0.68022,0.68036,21613,0,''),
(426,1,21613,'2022-09-13 08:13:13',1,2,1241,0.67821,0.00,0.08070,0.67808,0.67821,21613,0,'A1a-1,tp=20,sl=0,TSL=0'),
(427,1,21602,'2022-09-13 08:32:06',3,25,1283,1.30706,1.97,0.08830,1.30688,1.30706,21601,0,''),
(428,1,21601,'2022-09-13 08:12:25',1,25,-1283,1.30908,0.00,0.07350,1.30908,1.30923,21601,0,'A1a-1,tp=20,sl=0,TSL=0'),
(429,1,21634,'2022-09-13 08:32:11',3,2,-1174,0.68028,2.36,0.09390,0.68028,0.68044,21633,0,''),
(430,1,21633,'2022-09-13 08:14:02',1,2,1174,0.67827,0.00,0.07040,0.67815,0.67827,21633,0,'A1a-1,tp=20,sl=0,TSL=0'),
(431,1,21528,'2022-09-13 08:32:19',3,6,-1464,1.00338,2.93,0.11710,1.00338,1.00354,21527,0,''),
(432,1,21527,'2022-09-13 08:08:34',1,6,1464,1.00138,0.00,0.10980,1.00123,1.00138,21527,0,'A1a-1,tp=20,sl=0,TSL=0'),
(433,1,21516,'2022-09-13 08:32:20',3,2,-1419,0.68038,2.89,0.09220,0.68038,0.68051,21515,0,''),
(434,1,21515,'2022-09-13 08:08:02',1,2,1419,0.67834,0.00,0.08510,0.67822,0.67834,21515,0,'A1a-1,tp=20,sl=0,TSL=0'),
(435,1,21542,'2022-09-13 08:32:20',3,2,-1049,0.68038,2.12,0.06820,0.68038,0.68051,21541,0,''),
(436,1,21541,'2022-09-13 08:09:06',1,2,1049,0.67836,0.00,0.06820,0.67823,0.67836,21541,0,'A1a-1,tp=20,sl=0,TSL=0'),
(437,1,21227,'2022-09-13 08:33:45',3,27,1071,144.11500,1.49,0.07430,144.09500,144.11500,21226,0,''),
(438,1,21226,'2022-09-13 07:57:07',1,27,-1071,144.31600,0.00,0.07420,144.31600,144.33600,21226,0,'A1a-1,tp=20,sl=0,TSL=0'),
(439,1,21413,'2022-09-13 08:33:45',3,27,1299,144.10600,1.85,0.08560,144.08700,144.10600,21412,0,''),
(440,1,21412,'2022-09-13 08:03:56',1,27,-1299,144.31200,0.00,0.08550,144.31200,144.33100,21412,0,'A1a-1,tp=20,sl=0,TSL=0'),
(441,1,21243,'2022-09-13 08:33:47',3,27,1126,144.09600,1.56,0.07810,144.07600,144.09600,21242,0,''),
(442,1,21242,'2022-09-13 07:57:48',1,27,-1126,144.29700,0.00,0.06630,144.29700,144.31400,21242,0,'A1a-1,tp=20,sl=0,TSL=0'),
(443,1,21565,'2022-09-13 08:34:05',3,2,-1222,0.68045,2.46,0.06720,0.68045,0.68056,21564,0,''),
(444,1,21564,'2022-09-13 08:10:02',1,2,1222,0.67844,0.00,0.08550,0.67830,0.67844,21564,0,'A1a-1,tp=20,sl=0,TSL=0'),
(445,1,21587,'2022-09-13 08:35:37',3,21,-1240,0.60448,2.49,0.14880,0.60448,0.60472,21586,0,''),
(446,1,21586,'2022-09-13 08:11:32',1,21,1240,0.60247,0.00,0.15500,0.60222,0.60247,21586,0,'A1a-1,tp=20,sl=0,TSL=0'),
(447,1,21203,'2022-09-13 08:38:49',3,27,1014,144.00800,1.52,0.05280,143.99300,144.00800,21202,0,''),
(448,1,21202,'2022-09-13 07:56:09',1,27,-1014,144.22500,0.00,0.05980,144.22500,144.24200,21202,0,'A1a-1,tp=20,sl=0,TSL=0'),
(449,1,21647,'2022-09-13 08:39:15',3,21,-1353,0.60455,2.72,0.16910,0.60455,0.60480,21646,0,''),
(450,1,21646,'2022-09-13 08:14:21',1,21,1353,0.60254,0.00,0.14880,0.60232,0.60254,21646,0,'A1a-1,tp=20,sl=0,TSL=0'),
(451,1,21622,'2022-09-13 08:39:21',3,21,-1178,0.60470,2.38,0.14720,0.60470,0.60495,21621,0,''),
(452,1,21621,'2022-09-13 08:13:32',1,21,1178,0.60268,0.00,0.12960,0.60246,0.60268,21621,0,'A1a-1,tp=20,sl=0,TSL=0'),
(453,1,21675,'2022-09-13 08:39:48',3,21,-1208,0.60475,2.45,0.15100,0.60475,0.60500,21674,0,''),
(454,1,21674,'2022-09-13 08:15:21',1,21,1208,0.60272,0.00,0.14500,0.60248,0.60272,21674,0,'A1a-1,tp=20,sl=0,TSL=0'),
(455,1,21520,'2022-09-13 08:39:50',3,21,-1241,0.60482,2.48,0.15510,0.60482,0.60507,21519,0,''),
(456,1,21519,'2022-09-13 08:08:11',1,21,1241,0.60282,0.00,0.14270,0.60259,0.60282,21519,0,'A1a-1,tp=20,sl=0,TSL=0'),
(457,1,21569,'2022-09-13 08:40:58',3,21,-1193,0.60492,2.39,0.14320,0.60492,0.60516,21568,0,''),
(458,1,21568,'2022-09-13 08:10:12',1,21,1193,0.60292,0.00,0.11930,0.60272,0.60292,21568,0,'A1a-1,tp=20,sl=0,TSL=0'),
(459,1,21524,'2022-09-13 08:41:13',3,7,-1441,0.88964,2.20,0.12120,0.88964,0.88986,21523,0,''),
(460,1,21523,'2022-09-13 08:08:25',1,7,1441,0.88763,0.00,0.12110,0.88741,0.88763,21523,0,'A1a-1,tp=20,sl=0,TSL=0'),
(461,1,21499,'2022-09-13 08:41:13',3,21,-1463,0.60504,2.90,0.18290,0.60504,0.60529,21498,0,''),
(462,1,21498,'2022-09-13 08:07:03',1,21,1463,0.60306,0.00,0.17560,0.60282,0.60306,21498,0,'A1a-1,tp=20,sl=0,TSL=0'),
(463,1,21546,'2022-09-13 08:41:14',3,7,-1203,0.88968,1.85,0.11040,0.88968,0.88992,21545,0,''),
(464,1,21545,'2022-09-13 08:09:16',1,7,1203,0.88766,0.00,0.10110,0.88744,0.88766,21545,0,'A1a-1,tp=20,sl=0,TSL=0'),
(465,1,21507,'2022-09-13 08:41:15',3,2,-1481,0.68062,2.96,0.08890,0.68062,0.68074,21506,0,''),
(466,1,21506,'2022-09-13 08:07:31',1,2,1481,0.67862,0.00,0.10370,0.67848,0.67862,21506,0,'A1a-1,tp=20,sl=0,TSL=0'),
(467,1,21481,'2022-09-13 08:42:15',3,21,-1258,0.60540,2.52,0.15100,0.60540,0.60564,21480,0,''),
(468,1,21480,'2022-09-13 08:06:02',1,21,1258,0.60340,0.00,0.16350,0.60314,0.60340,21480,0,'A1a-1,tp=20,sl=0,TSL=0'),
(469,1,21350,'2022-09-13 08:44:15',3,2,-1319,0.68094,2.69,0.07910,0.68094,0.68106,21349,0,''),
(470,1,21349,'2022-09-13 08:02:03',1,2,1319,0.67890,0.00,0.09230,0.67876,0.67890,21349,0,'A1a-1,tp=20,sl=0,TSL=0'),
(471,1,21456,'2022-09-13 08:44:22',3,2,-1390,0.68103,2.79,0.09040,0.68103,0.68116,21455,0,''),
(472,1,21455,'2022-09-13 08:05:13',1,2,1390,0.67902,0.00,0.09730,0.67888,0.67902,21455,0,'A1a-1,tp=20,sl=0,TSL=0'),
(473,1,21630,'2022-09-13 08:46:23',3,25,1219,1.30687,1.86,0.07460,1.30671,1.30687,21629,0,''),
(474,1,21629,'2022-09-13 08:14:01',1,25,-1219,1.30887,0.00,0.06520,1.30887,1.30901,21629,0,'A1a-1,tp=20,sl=0,TSL=0'),
(475,1,21301,'2022-09-13 08:47:26',3,5,-1414,1.15736,2.83,0.12020,1.15736,1.15753,21300,0,''),
(476,1,21300,'2022-09-13 08:00:28',1,5,1414,1.15536,0.00,0.12020,1.15519,1.15536,21300,0,'A1a-1,tp=20,sl=0,TSL=0'),
(477,1,21433,'2022-09-13 08:47:35',3,5,-1467,1.15751,2.95,0.13200,1.15751,1.15769,21432,0,''),
(478,1,21432,'2022-09-13 08:04:25',1,5,1467,1.15550,0.00,0.11740,1.15534,1.15550,21432,0,'A1a-1,tp=20,sl=0,TSL=0'),
(479,1,21592,'2022-09-13 08:47:51',3,25,1033,1.30679,1.58,0.05930,1.30664,1.30679,21591,0,''),
(480,1,21591,'2022-09-13 08:11:42',1,25,-1033,1.30880,0.00,0.06710,1.30880,1.30897,21591,0,'A1a-1,tp=20,sl=0,TSL=0'),
(481,1,21691,'2022-09-13 08:47:52',3,25,1271,1.30675,1.95,0.06320,1.30662,1.30675,21690,0,''),
(482,1,21690,'2022-09-13 08:16:24',1,25,-1271,1.30876,0.00,0.06310,1.30876,1.30889,21690,0,'A1a-1,tp=20,sl=0,TSL=0'),
(483,1,21325,'2022-09-13 08:47:53',3,2,-1307,0.68105,2.59,0.08500,0.68105,0.68118,21324,0,''),
(484,1,21324,'2022-09-13 08:01:16',1,2,1307,0.67907,0.00,0.09150,0.67893,0.67907,21324,0,'A1a-1,tp=20,sl=0,TSL=0'),
(485,1,21679,'2022-09-13 08:47:53',3,25,1157,1.30668,1.76,0.07530,1.30651,1.30668,21678,0,''),
(486,1,21678,'2022-09-13 08:15:31',1,25,-1157,1.30868,0.00,0.06190,1.30868,1.30882,21678,0,'A1a-1,tp=20,sl=0,TSL=0'),
(487,1,21532,'2022-09-13 08:48:01',3,25,1293,1.30654,2.00,0.08910,1.30636,1.30654,21531,0,''),
(488,1,21531,'2022-09-13 08:08:44',1,25,-1293,1.30857,0.00,0.08400,1.30857,1.30874,21531,0,'A1a-1,tp=20,sl=0,TSL=0'),
(489,1,21577,'2022-09-13 08:48:05',3,25,1191,1.30653,1.81,0.07750,1.30636,1.30653,21576,0,''),
(490,1,21576,'2022-09-13 08:10:34',1,25,-1191,1.30853,0.00,0.06830,1.30853,1.30868,21576,0,'A1a-1,tp=20,sl=0,TSL=0'),
(491,1,21467,'2022-09-13 08:48:09',3,21,-1165,0.60565,2.34,0.14560,0.60565,0.60590,21466,0,''),
(492,1,21466,'2022-09-13 08:05:32',1,21,1165,0.60364,0.00,0.15140,0.60338,0.60364,21466,0,'A1a-1,tp=20,sl=0,TSL=0'),
(493,1,21385,'2022-09-13 08:48:09',3,2,-1228,0.68112,2.46,0.07980,0.68112,0.68125,21384,0,''),
(494,1,21384,'2022-09-13 08:03:02',1,2,1228,0.67912,0.00,0.07980,0.67899,0.67912,21384,0,'A1a-1,tp=20,sl=0,TSL=0'),
(495,1,21292,'2022-09-13 08:48:20',3,2,-1270,0.68131,2.57,0.07620,0.68131,0.68143,21290,0,''),
(496,1,21290,'2022-09-13 08:00:03',1,2,1270,0.67929,0.00,0.08260,0.67916,0.67929,21290,0,'A1a-1,tp=20,sl=0,TSL=0'),
(497,1,21573,'2022-09-13 08:48:21',3,6,-1285,1.00367,2.61,0.09640,1.00367,1.00382,21572,0,''),
(498,1,21572,'2022-09-13 08:10:24',1,6,1285,1.00164,0.00,0.09640,1.00149,1.00164,21572,0,'A1a-1,tp=20,sl=0,TSL=0'),
(499,1,21265,'2022-09-13 08:49:14',3,5,-1214,1.15778,2.44,0.10320,1.15778,1.15795,21264,0,''),
(500,1,21264,'2022-09-13 07:59:02',1,5,1214,1.15577,0.00,0.09100,1.15562,1.15577,21264,0,'A1a-1,tp=20,sl=0,TSL=0'),
(501,1,21235,'2022-09-13 08:49:33',3,5,-1076,1.15779,2.15,0.08610,1.15779,1.15795,21234,0,''),
(502,1,21234,'2022-09-13 07:57:23',1,5,1076,1.15579,0.00,0.08070,1.15564,1.15579,21234,0,'A1a-1,tp=20,sl=0,TSL=0'),
(503,1,21251,'2022-09-13 08:50:02',3,5,-1434,1.15822,2.90,0.11470,1.15822,1.15838,21250,0,''),
(504,1,21250,'2022-09-13 07:58:16',1,5,1434,1.15620,0.00,0.12190,1.15603,1.15620,21250,0,'A1a-1,tp=20,sl=0,TSL=0'),
(505,1,21491,'2022-09-13 08:50:02',3,6,-1401,1.00402,2.82,0.09110,1.00402,1.00415,21490,0,''),
(506,1,21490,'2022-09-13 08:06:17',1,6,1401,1.00201,0.00,0.10510,1.00186,1.00201,21490,0,'A1a-1,tp=20,sl=0,TSL=0'),
(507,1,21297,'2022-09-13 08:50:07',3,7,-1487,0.89021,2.29,0.12520,0.89021,0.89043,21296,0,''),
(508,1,21296,'2022-09-13 08:00:18',1,7,1487,0.88819,0.00,0.12510,0.88797,0.88819,21296,0,'A1a-1,tp=20,sl=0,TSL=0'),
(509,1,21334,'2022-09-13 08:50:07',3,7,-1255,0.89021,1.92,0.10570,0.89021,0.89043,21333,0,''),
(510,1,21333,'2022-09-13 08:01:28',1,7,1255,0.88820,0.00,0.11030,0.88797,0.88820,21333,0,'A1a-1,tp=20,sl=0,TSL=0'),
(511,1,21231,'2022-09-13 08:50:07',3,7,-1209,0.89021,1.85,0.10180,0.89021,0.89043,21230,0,''),
(512,1,21230,'2022-09-13 07:57:13',1,7,1209,0.88820,0.00,0.10180,0.88798,0.88820,21230,0,'A1a-1,tp=20,sl=0,TSL=0'),
(513,1,21417,'2022-09-13 08:50:19',3,2,-1493,0.68150,3.00,0.08960,0.68150,0.68162,21416,0,''),
(514,1,21416,'2022-09-13 08:04:01',1,2,1493,0.67949,0.00,0.08210,0.67938,0.67949,21416,0,'A1a-1,tp=20,sl=0,TSL=0'),
(515,1,21358,'2022-09-13 08:52:55',3,7,-1366,0.89027,2.11,0.12020,0.89027,0.89050,21357,0,''),
(516,1,21357,'2022-09-13 08:02:14',1,7,1366,0.88824,0.00,0.11490,0.88802,0.88824,21357,0,'A1a-1,tp=20,sl=0,TSL=0'),
(517,1,21066,'2022-09-13 09:15:10',3,12,-1498,1.31364,2.36,0.17730,1.31364,1.31395,21065,0,''),
(518,1,21065,'2022-09-13 07:45:44',1,12,1498,1.31157,0.00,0.16660,1.31128,1.31157,21065,0,'A1a-1,tp=20,sl=0,TSL=0'),
(519,1,19119,'2022-09-13 13:24:29',3,15,1148,144.11000,1.59,0.06760,144.09300,144.11000,19118,0,''),
(520,1,19118,'2022-09-11 23:48:02',1,15,-1148,144.31100,0.00,0.09620,144.31100,144.33500,19118,0,'A1a-1,tp=20,sl=0,TSL=0'),
(521,1,19115,'2022-09-13 13:24:29',3,15,1334,144.11000,1.84,0.07860,144.09300,144.11000,19114,0,''),
(522,1,19114,'2022-09-11 23:47:02',1,15,-1334,144.31000,0.00,0.09780,144.31000,144.33100,19114,0,'A1a-1,tp=20,sl=0,TSL=0'),
(523,1,19093,'2022-09-13 13:53:58',3,15,1459,144.08600,2.01,0.09090,144.06800,144.08600,19092,0,''),
(524,1,19092,'2022-09-11 23:34:02',1,15,-1459,144.28600,0.00,0.12220,144.28600,144.31000,19092,0,'A1a-1,tp=20,sl=0,TSL=0'),
(525,1,19085,'2022-09-13 13:55:34',3,15,1205,144.06300,1.67,0.07510,144.04500,144.06300,19084,0,''),
(526,1,19084,'2022-09-11 23:28:02',1,15,-1205,144.26400,0.00,0.08410,144.26400,144.28400,19084,0,'A1a-1,tp=20,sl=0,TSL=0'),
(527,1,19102,'2022-09-13 13:56:16',3,15,1422,144.04000,1.96,0.08370,144.02300,144.04000,19101,0,''),
(528,1,19101,'2022-09-11 23:35:02',1,15,-1422,144.24000,0.00,0.12410,144.24000,144.26500,19101,0,'A1a-1,tp=20,sl=0,TSL=0'),
(529,1,22360,'2022-09-13 15:34:00',3,22,-1034,86.66700,1.43,0.10730,86.66700,86.69700,22359,0,''),
(530,1,22359,'2022-09-13 14:03:07',1,22,1034,86.46600,0.00,0.10740,86.43600,86.46600,22359,0,'A1a-1,tp=20,sl=0,TSL=0'),
(531,1,22384,'2022-09-13 15:34:00',3,22,-1138,86.66700,1.57,0.11810,86.66700,86.69700,22383,0,''),
(532,1,22383,'2022-09-13 14:05:11',1,22,1138,86.46600,0.00,0.11820,86.43600,86.46600,22383,0,'A1a-1,tp=20,sl=0,TSL=0'),
(533,1,22368,'2022-09-13 15:39:11',3,22,-1107,86.67900,1.54,0.12640,86.67900,86.71200,22367,0,''),
(534,1,22367,'2022-09-13 14:04:07',1,22,1107,86.47700,0.00,0.11500,86.44700,86.47700,22367,0,'A1a-1,tp=20,sl=0,TSL=0'),
(535,1,22394,'2022-09-13 15:41:41',3,22,-1057,86.68700,1.46,0.11700,86.68700,86.71900,22393,0,''),
(536,1,22393,'2022-09-13 14:06:12',1,22,1057,86.48600,0.00,0.10980,86.45600,86.48600,22393,0,'A1a-1,tp=20,sl=0,TSL=0'),
(537,1,22414,'2022-09-13 15:42:05',3,22,-1508,86.70700,2.11,0.16690,86.70700,86.73900,22413,0,''),
(538,1,22413,'2022-09-13 14:07:15',1,22,1508,86.50400,0.00,0.15670,86.47400,86.50400,22413,0,'A1a-1,tp=20,sl=0,TSL=0'),
(539,1,22388,'2022-09-13 16:27:01',3,1,-1245,97.44600,1.72,0.66310,97.44600,97.60000,22387,0,''),
(540,1,22387,'2022-09-13 14:06:03',1,1,1245,97.24500,0.00,0.10350,97.22100,97.24500,22387,0,'A1a-1,tp=20,sl=0,TSL=0'),
(541,1,22376,'2022-09-13 16:59:32',3,1,-1404,97.47600,2.12,0.64530,97.47600,97.60900,22375,0,''),
(542,1,22375,'2022-09-13 14:05:02',1,1,1404,97.25600,0.00,0.12640,97.23000,97.25600,22375,0,'A1a-1,tp=20,sl=0,TSL=0'),
(543,1,22372,'2022-09-13 16:59:32',3,1,-1216,97.47600,1.81,0.55890,97.47600,97.60900,22371,0,''),
(544,1,22371,'2022-09-13 14:04:10',1,1,1216,97.25900,0.00,0.08840,97.23800,97.25900,22371,0,'A1a-1,tp=20,sl=0,TSL=0'),
(545,1,22264,'2022-09-13 16:59:32',3,1,-1161,97.47600,1.67,0.53360,97.47600,97.60900,22263,0,''),
(546,1,22263,'2022-09-13 13:58:07',1,1,1161,97.26700,0.00,0.09650,97.24300,97.26700,22263,0,'A1a-1,tp=20,sl=0,TSL=0'),
(547,1,22284,'2022-09-13 16:59:32',3,1,-1446,97.47600,2.05,0.66460,97.47600,97.60900,22283,0,''),
(548,1,22283,'2022-09-13 13:59:06',1,1,1446,97.27000,0.00,0.11510,97.24700,97.27000,22283,0,'A1a-1,tp=20,sl=0,TSL=0'),
(549,1,22402,'2022-09-13 16:59:32',3,1,-1083,97.47600,1.50,0.49770,97.47600,97.60900,22401,0,''),
(550,1,22401,'2022-09-13 14:07:02',1,1,1083,97.27500,0.00,0.08630,97.25200,97.27500,22401,0,'A1a-1,tp=20,sl=0,TSL=0'),
(551,1,22007,'2022-09-13 17:00:27',3,22,-1087,86.79000,1.49,0.33420,86.79000,86.87900,22006,0,''),
(552,1,22006,'2022-09-13 13:44:21',1,22,1087,86.59000,0.00,0.11290,86.56000,86.59000,22006,0,'A1a-1,tp=20,sl=0,TSL=0'),
(553,1,21931,'2022-09-13 17:00:36',3,22,-1412,86.82800,1.95,0.31700,86.82800,86.89300,21930,0,''),
(554,1,21930,'2022-09-13 13:27:02',1,22,1412,86.62700,0.00,0.14680,86.59700,86.62700,21930,0,'A1a-1,tp=20,sl=0,TSL=0'),
(555,1,21923,'2022-09-13 17:00:36',3,22,-1179,86.83200,1.62,0.24840,86.83200,86.89300,21922,0,''),
(556,1,21922,'2022-09-13 13:25:03',1,22,1179,86.63200,0.00,0.12260,86.60200,86.63200,21922,0,'A1a-1,tp=20,sl=0,TSL=0'),
(557,1,21947,'2022-09-13 17:00:36',3,22,-1409,86.83200,1.94,0.29680,86.83200,86.89300,21946,0,''),
(558,1,21946,'2022-09-13 13:30:02',1,22,1409,86.63200,0.00,0.15620,86.60000,86.63200,21946,0,'A1a-1,tp=20,sl=0,TSL=0'),
(559,1,21927,'2022-09-13 17:00:36',3,22,-1295,86.83700,1.79,0.25490,86.83700,86.89400,21926,0,''),
(560,1,21926,'2022-09-13 13:26:02',1,22,1295,86.63600,0.00,0.13460,86.60600,86.63600,21926,0,'A1a-1,tp=20,sl=0,TSL=0'),
(561,1,22342,'2022-09-13 17:00:39',3,1,-1336,97.48200,1.84,0.20750,97.48200,97.52700,22341,0,''),
(562,1,22341,'2022-09-13 14:01:26',1,1,1336,97.28200,0.00,0.11570,97.25700,97.28200,22341,0,'A1a-1,tp=20,sl=0,TSL=0'),
(563,1,22314,'2022-09-13 17:00:40',3,1,-1076,97.48900,1.52,0.15230,97.48900,97.53000,22313,0,''),
(564,1,22313,'2022-09-13 14:00:13',1,1,1076,97.28300,0.00,0.08570,97.26000,97.28300,22313,0,'A1a-1,tp=20,sl=0,TSL=0'),
(565,1,22206,'2022-09-13 17:00:40',3,1,-1474,97.48900,2.06,0.20860,97.48900,97.53000,22205,0,''),
(566,1,22205,'2022-09-13 13:55:19',1,1,1474,97.28600,0.00,0.12760,97.26100,97.28600,22205,0,'A1a-1,tp=20,sl=0,TSL=0'),
(567,1,22221,'2022-09-13 17:00:40',3,1,-1287,97.48900,1.78,0.18210,97.48900,97.53000,22220,0,''),
(568,1,22220,'2022-09-13 13:56:11',1,1,1287,97.28800,0.00,0.12480,97.26000,97.28800,22220,0,'A1a-1,tp=20,sl=0,TSL=0'),
(569,1,22248,'2022-09-13 17:08:07',3,1,-1131,97.49500,1.59,0.11700,97.49500,97.52500,22247,0,''),
(570,1,22247,'2022-09-13 13:57:16',1,1,1131,97.29000,0.00,0.10970,97.26200,97.29000,22247,0,'A1a-1,tp=20,sl=0,TSL=0'),
(571,1,22153,'2022-09-13 17:09:09',3,1,-1501,97.50000,2.08,0.16570,97.50000,97.53200,22152,0,''),
(572,1,22152,'2022-09-13 13:53:07',1,1,1501,97.29800,0.00,0.11950,97.27500,97.29800,22152,0,'A1a-1,tp=20,sl=0,TSL=0'),
(573,1,22178,'2022-09-13 17:09:09',3,1,-1461,97.50000,2.02,0.16130,97.50000,97.53200,22177,0,''),
(574,1,22177,'2022-09-13 13:54:13',1,1,1461,97.29900,0.00,0.11630,97.27600,97.29900,22177,0,'A1a-1,tp=20,sl=0,TSL=0'),
(575,1,22145,'2022-09-13 17:09:09',3,1,-1395,97.50400,1.94,0.15880,97.50400,97.53700,22144,0,''),
(576,1,22144,'2022-09-13 13:52:31',1,1,1395,97.30100,0.00,0.11110,97.27800,97.30100,22144,0,'A1a-1,tp=20,sl=0,TSL=0'),
(577,1,19089,'2022-09-13 18:41:37',3,15,1093,144.02800,1.51,0.09840,144.00200,144.02800,19088,0,''),
(578,1,19088,'2022-09-11 23:29:03',1,15,-1093,144.22800,0.00,0.07250,144.22800,144.24700,19088,0,'A1a-1,tp=20,sl=0,TSL=0'),
(579,1,22268,'2022-09-13 19:09:45',3,7,-1071,0.88804,1.63,0.09360,0.88804,0.88827,22267,0,''),
(580,1,22267,'2022-09-13 13:58:12',1,7,1071,0.88603,0.00,0.10180,0.88578,0.88603,22267,0,'A1a-1,tp=20,sl=0,TSL=0'),
(581,1,22288,'2022-09-13 19:10:25',3,7,-1299,0.88807,1.97,0.12830,0.88807,0.88833,22287,0,''),
(582,1,22287,'2022-09-13 13:59:11',1,7,1299,0.88606,0.00,0.11850,0.88582,0.88606,22287,0,'A1a-1,tp=20,sl=0,TSL=0'),
(583,1,22061,'2022-09-13 19:11:15',3,7,-1237,0.88818,1.89,0.12220,0.88818,0.88844,22060,0,''),
(584,1,22060,'2022-09-13 13:48:02',1,7,1237,0.88616,0.00,0.10350,0.88594,0.88616,22060,0,'A1a-1,tp=20,sl=0,TSL=0'),
(585,1,22099,'2022-09-13 19:11:15',3,7,-1481,0.88818,2.24,0.14630,0.88818,0.88844,22098,0,''),
(586,1,22098,'2022-09-13 13:50:15',1,7,1481,0.88618,0.00,0.12950,0.88595,0.88618,22098,0,'A1a-1,tp=20,sl=0,TSL=0'),
(587,1,22430,'2022-09-13 20:00:03',3,21,-1336,0.60087,2.67,0.17370,0.60087,0.60113,22429,0,''),
(588,1,22429,'2022-09-13 14:12:02',1,21,1336,0.59887,0.00,0.18700,0.59859,0.59887,22429,0,'A1a-1,tp=20,sl=0,TSL=0');

/*Table structure for table `order_type` */

DROP TABLE IF EXISTS `order_type`;

CREATE TABLE `order_type` (
  `id` int(11) NOT NULL AUTO_INCREMENT,
  `order_type` varchar(15) NOT NULL,
  PRIMARY KEY (`id`)
) ENGINE=InnoDB AUTO_INCREMENT=5 DEFAULT CHARSET=utf8mb4;

/*Data for the table `order_type` */

insert  into `order_type`(`id`,`order_type`) values 
(1,'MARKET'),
(2,'STOP_LOSS'),
(3,'PROFIT TARGET'),
(4,'TSL');

/*!40101 SET SQL_MODE=@OLD_SQL_MODE */;
/*!40014 SET UNIQUE_CHECKS=@OLD_UNIQUE_CHECKS */;
/*!40111 SET SQL_NOTES=@OLD_SQL_NOTES */;
